Category_1,Category_2,Category_3,Category_4,Month_of_absence,Day_of_the_week,Seasons,Transportation_expense,Distance_from_Residence_to_Work,Service_time,Age,Work_load_Average_per_day,Hit_target,Disciplinary_failure,Education,Children,Social_drinker,Social_smoker,Pet,Weight,Height,Body_mass_index,Absenteeism_time_in_hours,Excessive_Absenteeism,Predictions,Probability
0,0,0,1,7,3,1,289,36,13,33,239.554,97,0,0,2,1,0,1,90,172,30,4,1,1,0.723468
0,0,0,0,7,3,1,118,13,18,50,239.554,97,1,0,1,1,0,0,98,178,31,0,0,0,0.0216094
0,0,0,1,7,4,1,179,51,18,38,239.554,97,0,0,0,1,0,0,89,170,31,2,0,0,0.20507
1,0,0,0,7,5,1,279,5,14,39,239.554,97,0,0,2,1,1,0,68,168,24,4,1,1,0.95467
0,0,0,1,7,5,1,289,36,13,33,239.554,97,0,0,2,1,0,1,90,172,30,2,0,1,0.660937
0,0,0,1,7,6,1,260,50,11,36,239.554,97,0,0,4,1,0,0,65,168,23,4,1,1,0.708315
0,0,1,0,7,2,1,155,12,14,34,239.554,97,0,0,2,1,0,0,95,196,25,40,1,1,0.919882
0,0,0,1,7,2,1,235,11,14,37,239.554,97,0,1,1,0,0,1,88,172,29,8,1,0,0.49227
1,0,0,0,7,2,1,260,50,11,36,239.554,97,0,0,4,1,0,0,65,168,23,8,1,1,0.962191
1,0,0,0,7,3,1,260,50,11,36,239.554,97,0,0,4,1,0,0,65,168,23,8,1,1,0.956459
1,0,0,0,7,4,1,260,50,11,36,239.554,97,0,0,4,1,0,0,65,168,23,8,1,1,0.949904
1,0,0,0,7,4,1,179,51,18,38,239.554,97,0,0,0,1,0,0,89,170,31,1,0,1,0.600137
0,0,1,0,7,2,1,179,51,18,38,239.554,97,0,0,0,1,0,0,89,170,31,8,1,1,0.741419
1,0,0,0,7,5,1,189,29,13,33,239.554,97,0,0,2,0,0,2,69,167,25,8,1,1,0.630576
0,0,0,1,8,4,1,248,25,14,47,205.917,92,0,0,2,0,0,1,86,165,32,2,0,0,0.43573
1,0,0,0,8,2,1,179,51,18,38,205.917,92,0,0,0,1,0,0,89,170,31,1,0,1,0.661488
1,0,0,0,8,2,1,361,52,3,28,205.917,92,0,0,1,1,0,4,80,172,27,40,1,1,0.903847
0,0,0,1,8,6,1,260,50,11,36,205.917,92,0,0,4,1,0,0,65,168,23,4,1,1,0.702002
0,0,0,1,8,2,1,361,52,3,28,205.917,92,0,0,1,1,0,4,80,172,27,7,1,1,0.617697
0,0,0,1,8,3,1,289,36,13,33,205.917,92,0,0,2,1,0,1,90,172,30,1,0,1,0.717352
0,0,1,0,8,4,1,289,36,13,33,205.917,92,0,0,2,1,0,1,90,172,30,8,1,1,0.947759
0,0,0,1,8,6,1,179,51,18,38,205.917,92,0,0,0,1,0,0,89,170,31,2,0,0,0.157158
0,0,1,0,8,2,1,179,51,18,38,205.917,92,0,0,0,1,0,0,89,170,31,8,1,1,0.735555
0,0,1,0,8,2,1,235,29,12,48,205.917,92,0,0,1,0,1,5,88,163,33,8,1,1,0.7382
0,0,0,1,8,2,1,179,51,18,38,205.917,92,0,0,0,1,0,0,89,170,31,2,0,0,0.251428
0,0,0,1,8,2,1,361,52,3,28,205.917,92,0,0,1,1,0,4,80,172,27,1,0,1,0.617697
0,0,0,1,8,3,1,289,36,13,33,205.917,92,0,0,2,1,0,1,90,172,30,8,1,1,0.717352
0,0,0,1,8,6,1,235,29,12,48,205.917,92,0,0,1,0,1,5,88,163,33,8,1,0,0.158972
0,0,0,1,8,6,1,260,50,11,36,205.917,92,0,0,4,1,0,0,65,168,23,4,1,1,0.702002
0,0,0,1,9,3,1,184,42,7,27,241.476,92,0,0,0,0,0,0,58,167,21,2,0,0,0.211355
0,0,1,0,9,3,1,235,20,13,43,241.476,92,0,0,1,1,0,0,106,167,38,8,1,1,0.957278
0,0,0,1,9,4,1,155,12,14,34,241.476,92,0,0,2,1,0,0,95,196,25,2,0,1,0.535507
0,0,0,1,9,3,1,179,51,18,38,241.476,92,0,0,0,1,0,0,89,170,31,3,0,0,0.250118
0,0,0,1,9,5,1,291,31,12,40,241.476,92,0,0,1,1,0,1,73,171,25,4,1,0,0.498978
0,0,0,0,9,2,4,225,26,9,28,241.476,92,1,0,1,0,0,2,69,169,24,0,0,0,0.0130183
0,0,0,0,9,3,4,289,36,13,33,241.476,92,1,0,2,1,0,1,90,172,30,0,0,0,0.0625067
0,0,0,1,9,6,4,248,25,14,47,241.476,92,0,0,2,0,0,1,86,165,32,1,0,0,0.270132
0,0,0,1,9,6,4,179,51,18,38,241.476,92,0,0,0,1,0,0,89,170,31,3,0,0,0.1071
0,0,0,1,9,6,4,260,50,11,36,241.476,92,0,0,4,1,0,0,65,168,23,4,1,1,0.602447
0,0,0,1,10,3,4,179,51,18,38,253.465,93,0,0,0,1,0,0,89,170,31,3,0,0,0.167405
0,0,0,1,10,6,4,225,26,9,28,253.465,93,0,0,1,0,0,2,69,169,24,3,0,0,0.161989
0,0,0,1,10,3,4,118,10,10,37,253.465,93,0,0,0,0,0,0,83,172,28,3,0,0,0.164048
0,0,0,1,10,4,4,225,26,9,28,253.465,93,0,0,1,0,0,2,69,169,24,2,0,0,0.205994
0,0,0,1,10,4,4,248,25,14,47,253.465,93,0,0,2,0,0,1,86,165,32,2,0,0,0.348759
0,0,0,1,10,5,4,291,31,12,40,253.465,93,0,0,1,1,0,1,73,171,25,5,1,0,0.375139
0,0,0,1,10,4,4,179,51,18,38,253.465,93,0,0,0,1,0,0,89,170,31,8,1,0,0.147888
0,0,0,1,10,4,4,225,26,9,28,253.465,93,0,0,1,0,0,2,69,169,24,3,0,0,0.205994
1,0,0,0,10,3,4,291,31,12,40,253.465,93,0,0,1,1,0,1,73,171,25,8,1,1,0.824186
0,0,0,1,10,3,4,225,26,9,28,253.465,93,0,0,1,0,0,2,69,169,24,2,0,0,0.231099
0,0,0,1,11,5,4,179,51,18,38,306.345,93,0,0,0,1,0,0,89,170,31,1,0,0,0.152857
0,0,1,0,11,5,4,179,22,17,40,306.345,93,0,1,2,0,1,0,63,170,22,8,1,1,0.768988
0,0,0,1,11,2,4,189,29,13,33,306.345,93,0,0,2,0,0,2,69,167,25,8,1,0,0.269888
1,0,0,0,11,2,4,291,31,12,40,306.345,93,0,0,1,1,0,1,73,171,25,40,1,1,0.867396
0,0,0,1,11,4,4,225,26,9,28,306.345,93,0,0,1,0,0,2,69,169,24,1,0,0,0.238083
0,0,0,1,11,4,4,225,26,9,28,306.345,93,0,0,1,0,0,2,69,169,24,3,0,0,0.238083
1,0,0,0,11,6,4,225,26,9,28,306.345,93,0,0,1,0,0,2,69,169,24,3,0,1,0.575287
0,0,0,1,11,2,4,248,25,14,47,306.345,93,0,0,2,0,0,1,86,165,32,1,0,0,0.464008
0,0,0,1,11,3,4,225,26,9,28,306.345,93,0,0,1,0,0,2,69,169,24,3,0,0,0.26579
1,0,0,0,11,4,4,289,36,13,33,306.345,93,0,0,2,1,0,1,90,172,30,24,1,1,0.914136
0,0,0,1,11,5,4,291,31,12,40,306.345,93,0,0,1,1,0,1,73,171,25,3,0,0,0.419651
0,0,0,1,12,3,4,248,25,14,47,261.306,97,0,0,2,0,0,1,86,165,32,1,0,0,0.407377
0,0,0,1,12,4,4,235,11,14,37,261.306,97,0,1,1,0,0,1,88,172,29,8,1,0,0.350013
0,0,0,1,12,5,4,225,26,9,28,261.306,97,0,0,1,0,0,2,69,169,24,2,0,0,0.198798
0,0,0,1,12,6,4,260,50,11,36,261.306,97,0,0,4,1,0,0,65,168,23,8,1,1,0.644147
0,0,1,0,12,6,2,246,25,16,41,261.306,97,0,0,0,1,0,0,67,170,23,8,1,1,0.762876
0,0,0,1,1,4,2,225,26,9,28,308.593,95,0,0,1,0,0,2,69,169,24,2,0,0,0.225368
0,0,0,1,1,5,2,225,26,9,28,308.593,95,0,0,1,0,0,2,69,169,24,2,0,0,0.200723
0,0,0,1,1,6,2,225,26,9,28,308.593,95,0,0,1,0,0,2,69,169,24,1,0,0,0.178152
0,0,0,1,1,2,2,118,10,10,37,308.593,95,0,0,0,0,0,0,83,172,28,2,0,0,0.203155
0,0,0,1,1,3,2,225,26,9,28,308.593,95,0,0,1,0,0,2,69,169,24,2,0,0,0.252085
0,0,0,1,1,6,2,118,10,10,37,308.593,95,0,0,0,0,0,0,83,172,28,2,0,0,0.123986
0,0,1,0,1,3,2,289,36,13,33,308.593,95,0,0,2,1,0,1,90,172,30,8,1,1,0.942349
0,0,0,1,1,2,2,118,10,10,37,308.593,95,0,0,0,0,0,0,83,172,28,0,0,0,0.203155
0,0,0,1,1,3,2,225,26,9,28,308.593,95,0,0,1,0,0,2,69,169,24,1,0,0,0.252085
0,0,0,1,1,5,2,289,36,13,33,308.593,95,0,0,2,1,0,1,90,172,30,3,0,1,0.595249
1,0,0,0,2,4,2,246,25,16,41,302.585,99,0,0,0,1,0,0,67,170,23,8,1,1,0.680068
1,0,0,0,2,4,2,179,51,18,38,302.585,99,0,0,0,1,0,0,89,170,31,8,1,1,0.535978
0,0,0,1,2,5,2,155,12,14,34,302.585,99,0,0,2,1,0,0,95,196,25,2,0,0,0.406965
0,0,0,1,2,5,2,189,29,13,33,302.585,99,0,0,2,0,0,2,69,167,25,8,1,0,0.184203
0,0,0,1,2,6,2,260,50,11,36,302.585,99,0,0,4,1,0,0,65,168,23,2,0,1,0.651432
0,0,0,1,2,6,2,289,36,13,33,302.585,99,0,0,2,1,0,1,90,172,30,8,1,1,0.56426
1,0,0,0,2,2,2,388,15,9,50,302.585,99,0,0,0,0,0,0,76,178,24,8,1,1,0.864107
1,0,0,0,2,3,2,388,15,9,50,302.585,99,0,0,0,0,0,0,76,178,24,8,1,1,0.845887
0,0,0,1,2,3,2,225,26,9,28,302.585,99,0,0,1,0,0,2,69,169,24,2,0,0,0.255854
0,0,0,1,2,3,2,179,26,9,30,302.585,99,0,1,0,0,0,0,56,171,19,1,0,0,0.165912
0,0,0,1,2,3,2,184,42,7,27,302.585,99,0,0,0,0,0,0,58,167,21,8,1,0,0.155982
0,0,0,1,2,5,2,225,26,9,28,302.585,99,0,0,1,0,0,2,69,169,24,3,0,0,0.203933
0,0,1,0,2,2,2,330,16,4,28,302.585,99,0,1,0,0,0,0,84,182,25,8,1,1,0.931763
0,0,1,0,2,5,2,189,29,13,33,302.585,99,0,0,2,0,0,2,69,167,25,8,1,1,0.651554
0,0,0,1,3,3,2,291,50,12,32,343.253,95,0,0,0,1,0,0,65,169,23,2,0,0,0.379252
0,0,1,0,3,3,2,260,50,11,36,343.253,95,0,0,4,1,0,0,65,168,23,8,1,1,0.965928
0,0,1,0,3,3,2,157,27,6,29,343.253,95,0,0,0,1,1,0,75,185,22,3,0,1,0.84578
1,0,0,0,3,6,2,248,25,14,47,343.253,95,0,0,2,0,0,1,86,165,32,3,0,1,0.757776
1,0,0,0,3,6,2,260,50,11,36,343.253,95,0,0,4,1,0,0,65,168,23,40,1,1,0.927583
1,0,0,0,3,2,2,179,22,17,40,343.253,95,0,1,2,0,1,0,63,170,22,40,1,1,0.8027
1,0,0,0,3,2,2,155,12,14,34,343.253,95,0,0,2,1,0,0,95,196,25,16,1,1,0.879708
0,0,0,1,3,2,2,260,50,11,36,343.253,95,0,0,4,1,0,0,65,168,23,16,1,1,0.798626
1,0,0,0,3,3,2,155,12,14,34,343.253,95,0,0,2,1,0,0,95,196,25,8,1,1,0.863249
1,0,0,0,3,5,2,289,36,13,33,343.253,95,0,0,2,1,0,1,90,172,30,8,1,1,0.911364
1,0,0,0,3,5,2,179,22,17,40,343.253,95,0,1,2,0,1,0,63,170,22,8,1,1,0.723495
0,0,0,1,3,6,2,260,50,11,36,343.253,95,0,0,4,1,0,0,65,168,23,4,1,1,0.687661
0,0,0,1,3,6,2,225,26,9,28,343.253,95,0,0,1,0,0,2,69,169,24,1,0,0,0.206663
1,0,0,0,3,2,2,279,5,14,39,343.253,95,0,0,2,1,1,0,68,168,24,8,1,1,0.967415
1,0,0,0,3,3,2,179,51,18,38,343.253,95,0,0,0,1,0,0,89,170,31,24,1,1,0.611865
0,0,0,1,3,4,2,225,26,9,28,343.253,95,0,0,1,0,0,2,69,169,24,2,0,0,0.259053
1,0,0,0,3,2,3,225,26,9,28,343.253,95,0,0,1,0,0,2,69,169,24,8,1,1,0.692222
1,0,0,0,3,2,3,179,26,9,30,343.253,95,0,1,0,0,0,0,56,171,19,1,0,1,0.565442
1,0,0,0,3,3,3,225,26,9,28,343.253,95,0,0,1,0,0,2,69,169,24,8,1,1,0.660023
1,0,0,0,3,4,3,225,26,9,28,343.253,95,0,0,1,0,0,2,69,169,24,16,1,1,0.626274
1,0,0,0,3,4,3,179,51,18,38,343.253,95,0,0,0,1,0,0,89,170,31,3,0,1,0.528532
1,0,0,0,3,5,3,279,5,14,39,343.253,95,0,0,2,1,1,0,68,168,24,16,1,1,0.940229
0,0,0,1,3,6,3,225,26,9,28,343.253,95,0,0,1,0,0,2,69,169,24,2,0,0,0.17669
1,0,0,0,3,6,3,248,25,14,47,343.253,95,0,0,2,0,0,1,86,165,32,3,0,1,0.720461
0,0,0,1,3,2,3,225,26,9,28,343.253,95,0,0,1,0,0,2,69,169,24,1,0,0,0.278802
0,0,0,1,4,4,3,291,31,12,40,326.452,96,0,0,1,1,0,1,73,171,25,1,0,0,0.435466
0,0,0,1,4,4,3,225,26,9,28,326.452,96,0,0,1,0,0,2,69,169,24,1,0,0,0.223441
0,0,0,1,4,3,3,155,12,14,34,326.452,96,0,0,2,1,0,0,95,196,25,1,0,0,0.471723
1,0,0,0,4,4,3,246,25,16,41,326.452,96,0,0,0,1,0,0,67,170,23,24,1,1,0.673293
0,0,0,1,4,5,3,155,12,14,34,326.452,96,0,0,2,1,0,0,95,196,25,1,0,0,0.399514
0,0,0,1,4,6,3,225,26,9,28,326.452,96,0,0,1,0,0,2,69,169,24,2,0,0,0.176537
0,0,0,1,4,6,3,260,50,11,36,326.452,96,0,0,4,1,0,0,65,168,23,4,1,1,0.644369
1,0,0,0,4,4,3,179,51,18,38,326.452,96,0,0,0,1,0,0,89,170,31,24,1,1,0.528269
0,0,0,1,4,5,3,118,13,18,50,326.452,96,0,0,1,1,0,0,98,178,31,1,0,0,0.231163
0,0,0,1,4,6,3,291,31,12,40,326.452,96,0,0,1,1,0,1,73,171,25,3,0,0,0.364973
1,0,0,0,4,6,3,246,25,16,41,326.452,96,0,0,0,1,0,0,67,170,23,8,1,1,0.605601
0,0,0,1,4,6,3,291,31,12,40,326.452,96,0,0,1,1,0,1,73,171,25,1,0,0,0.364973
0,0,0,1,4,6,3,248,25,14,47,326.452,96,0,0,2,0,0,1,86,165,32,8,1,0,0.306774
0,0,1,0,4,6,3,260,50,11,36,326.452,96,0,0,4,1,0,0,65,168,23,56,1,1,0.937519
0,0,1,0,4,3,3,289,36,13,33,326.452,96,0,0,2,1,0,1,90,172,30,8,1,1,0.941745
1,0,0,0,4,4,3,155,12,14,34,326.452,96,0,0,2,1,0,0,95,196,25,24,1,1,0.817661
0,0,1,0,4,4,3,378,49,11,36,326.452,96,0,0,2,0,1,4,65,174,21,8,1,1,0.811241
1,0,0,0,4,5,3,289,36,13,33,326.452,96,0,0,2,1,0,1,90,172,30,16,1,1,0.894313
1,0,0,0,4,6,3,235,11,14,37,326.452,96,0,1,1,0,0,1,88,172,29,3,0,1,0.700286
0,0,0,0,4,2,3,235,29,12,48,326.452,96,1,0,1,0,1,5,88,163,33,0,0,0,0.0105819
1,0,0,0,5,4,3,289,36,13,33,378.884,92,0,0,2,1,0,1,90,172,30,8,1,1,0.922565
0,0,0,1,5,5,3,155,12,14,34,378.884,92,0,0,2,1,0,0,95,196,25,2,0,0,0.447082
0,0,0,1,5,2,3,155,12,14,34,378.884,92,0,0,2,1,0,0,95,196,25,1,0,1,0.556982
0,0,1,0,5,3,3,179,51,18,38,378.884,92,0,0,0,1,0,0,89,170,31,8,1,1,0.691771
0,0,1,0,5,3,3,225,26,9,28,378.884,92,0,0,1,0,0,2,69,169,24,8,1,1,0.770375
1,0,0,0,5,4,3,184,42,7,27,378.884,92,0,0,0,0,0,0,58,167,21,4,1,1,0.522342
0,0,0,1,5,2,3,155,12,14,34,378.884,92,0,0,2,1,0,0,95,196,25,2,0,1,0.556982
1,0,0,0,5,3,3,179,51,18,38,378.884,92,0,0,0,1,0,0,89,170,31,1,0,1,0.61191
1,0,0,0,5,4,3,289,36,13,33,378.884,92,0,0,2,1,0,1,90,172,30,24,1,1,0.922565
0,0,0,0,5,4,3,279,5,14,39,378.884,92,1,0,2,1,1,0,68,168,24,0,0,0,0.134428
0,0,0,0,5,4,3,330,16,4,28,378.884,92,1,1,0,0,0,0,84,182,25,0,0,0,0.0558174
0,0,0,0,5,4,3,388,15,9,50,378.884,92,1,0,0,0,0,0,76,178,24,0,0,0,0.0377083
1,0,0,0,5,3,3,179,51,18,38,378.884,92,0,0,0,1,0,0,89,170,31,1,0,1,0.61191
1,0,0,0,5,4,3,118,13,18,50,378.884,92,0,0,1,1,0,0,98,178,31,24,1,1,0.711224
0,0,0,1,6,2,3,361,52,3,28,377.55,94,0,0,1,1,0,4,80,172,27,8,1,1,0.610566
1,0,0,0,6,3,3,246,25,16,41,377.55,94,0,0,0,1,0,0,67,170,23,24,1,1,0.750753
0,0,0,1,6,5,3,291,31,12,40,377.55,94,0,0,1,1,0,1,73,171,25,4,1,0,0.456527
1,0,0,0,6,2,3,179,51,18,38,377.55,94,0,0,0,1,0,0,89,170,31,8,1,1,0.654717
0,0,0,1,6,2,3,155,12,14,34,377.55,94,0,0,2,1,0,0,95,196,25,4,1,1,0.56618
1,0,0,0,6,2,3,246,25,16,41,377.55,94,0,0,0,1,0,0,67,170,23,8,1,1,0.777258
1,0,0,0,6,4,3,118,13,18,50,377.55,94,0,0,1,1,0,0,98,178,31,8,1,1,0.718836
1,0,0,0,6,6,3,235,11,14,37,377.55,94,0,1,1,0,0,1,88,172,29,16,1,1,0.746691
0,0,0,1,6,3,3,118,13,18,50,377.55,94,0,0,1,1,0,0,98,178,31,1,0,0,0.337353
1,0,0,0,6,4,3,118,13,18,50,377.55,94,0,0,1,1,0,0,98,178,31,80,1,1,0.718836
0,0,0,1,6,5,3,378,49,11,36,377.55,94,0,0,2,0,1,4,65,174,21,8,1,0,0.361085
1,0,0,0,6,6,3,179,51,18,38,377.55,94,0,0,0,1,0,0,89,170,31,2,0,1,0.512827
0,0,0,1,6,2,1,289,48,29,49,377.55,94,0,0,0,0,0,2,108,172,36,2,0,0,0.180575
0,0,0,1,6,5,1,225,26,9,28,377.55,94,0,0,1,0,0,2,69,169,24,2,0,0,0.315848
0,0,1,0,7,3,1,155,12,14,34,275.312,98,0,0,2,1,0,0,95,196,25,16,1,1,0.915735
1,0,0,0,7,4,1,118,13,18,50,275.312,98,0,0,1,1,0,0,98,178,31,8,1,1,0.748627
1,0,0,0,7,6,1,118,10,10,37,275.312,98,0,0,0,0,0,0,83,172,28,8,1,1,0.54479
0,0,0,1,7,6,1,118,10,10,37,275.312,98,0,0,0,0,0,0,83,172,28,4,1,0,0.170612
0,0,0,1,7,3,1,330,16,4,28,275.312,98,0,1,0,0,0,0,84,182,25,8,1,1,0.669735
0,0,1,0,7,5,1,179,26,9,30,275.312,98,0,1,0,0,0,0,56,171,19,8,1,1,0.636195
0,0,0,1,7,6,1,155,12,14,34,275.312,98,0,0,2,1,0,0,95,196,25,2,0,0,0.457693
1,0,0,0,7,2,1,330,16,4,28,275.312,98,0,1,0,0,0,0,84,182,25,8,1,1,0.931824
1,0,0,0,7,3,1,330,16,4,28,275.312,98,0,1,0,0,0,0,84,182,25,8,1,1,0.921862
0,0,0,1,7,2,1,157,27,6,29,275.312,98,0,0,0,1,1,0,75,185,22,3,0,0,0.481299
0,0,0,1,7,3,1,361,52,3,28,275.312,98,0,0,1,1,0,4,80,172,27,8,1,1,0.611867
0,0,0,1,7,4,1,289,36,13,33,275.312,98,0,0,2,1,0,1,90,172,30,8,1,1,0.712335
0,0,0,1,7,5,1,179,51,18,38,275.312,98,0,0,0,1,0,0,89,170,31,8,1,0,0.196252
0,0,1,0,7,2,1,289,36,13,33,275.312,98,0,0,2,1,0,1,90,172,30,32,1,1,0.96494
0,0,1,0,7,5,1,289,36,13,33,275.312,98,0,0,2,1,0,1,90,172,30,8,1,1,0.946527
0,0,0,0,7,5,1,260,50,11,36,275.312,98,1,0,4,1,0,0,65,168,23,0,0,0,0.111885
0,0,1,0,8,6,1,289,36,13,33,265.615,94,0,0,2,1,0,1,90,172,30,8,1,1,0.940306
0,0,1,0,8,6,1,157,27,6,29,265.615,94,0,0,0,1,1,0,75,185,22,3,0,1,0.814743
0,0,0,1,8,2,1,289,36,13,33,265.615,94,0,0,2,1,0,1,90,172,30,1,0,1,0.774081
0,0,1,0,8,3,1,228,14,16,58,265.615,94,0,0,2,0,0,1,65,172,22,8,1,1,0.795154
1,0,0,0,8,5,1,300,26,13,43,265.615,94,0,0,2,1,1,1,77,175,25,1,0,1,0.93639
1,0,0,0,8,5,1,300,26,13,43,265.615,94,0,0,2,1,1,1,77,175,25,2,0,1,0.93639
0,0,0,1,8,6,1,260,50,11,36,265.615,94,0,0,4,1,0,0,65,168,23,4,1,1,0.732991
0,0,0,1,8,3,1,289,36,13,33,265.615,94,0,0,2,1,0,1,90,172,30,4,1,1,0.74732
0,0,0,1,8,4,1,248,25,14,47,265.615,94,0,0,2,0,0,1,86,165,32,1,0,0,0.473647
1,0,0,0,8,5,1,268,11,8,33,265.615,94,0,1,0,0,0,0,79,178,25,8,1,1,0.816688
0,0,0,1,8,5,1,179,26,9,30,265.615,94,0,1,0,0,0,0,56,171,19,1,0,0,0.178781
1,0,0,0,8,5,1,118,13,18,50,265.615,94,0,0,1,1,0,0,98,178,31,3,0,1,0.726047
0,0,0,1,8,2,1,248,25,14,47,265.615,94,0,0,2,0,0,1,86,165,32,2,0,1,0.547049
0,0,0,1,8,3,1,235,11,14,37,265.615,94,0,1,1,0,0,1,88,172,29,1,0,0,0.48615
0,0,0,1,8,5,1,118,13,18,50,265.615,94,0,0,1,1,0,0,98,178,31,1,0,0,0.312968
1,0,0,0,9,2,1,179,51,18,38,294.217,81,0,0,0,1,0,0,89,170,31,8,1,1,0.726663
0,0,0,1,9,6,1,179,51,18,38,294.217,81,0,0,0,1,0,0,89,170,31,3,0,0,0.202345
0,0,0,0,9,3,1,231,35,14,39,294.217,81,1,0,2,1,0,2,100,170,35,0,0,0,0.0711805
0,0,0,0,9,3,1,291,50,12,32,294.217,81,1,0,0,1,0,0,65,169,23,0,0,0,0.0350473
1,0,0,0,9,4,1,179,51,18,38,294.217,81,0,0,0,1,0,0,89,170,31,8,1,1,0.664519
1,0,0,0,9,4,1,246,25,16,41,294.217,81,0,0,0,1,0,0,67,170,23,32,1,1,0.784725
0,0,0,1,9,5,1,179,51,18,38,294.217,81,0,0,0,1,0,0,89,170,31,1,0,0,0.227133
0,0,0,1,9,6,1,291,31,12,40,294.217,81,0,0,1,1,0,1,73,171,25,4,1,1,0.504114
0,0,0,1,9,6,1,260,50,11,36,294.217,81,0,0,4,1,0,0,65,168,23,4,1,1,0.762182
0,0,0,1,9,4,4,235,20,13,43,294.217,81,0,0,1,1,0,0,106,167,38,8,1,1,0.60697
0,0,0,1,9,5,4,118,13,18,50,294.217,81,0,0,1,1,0,0,98,178,31,1,0,0,0.229208
0,0,0,0,9,5,4,235,20,13,43,294.217,81,1,0,1,1,0,0,106,167,38,0,0,0,0.051629
0,0,0,1,9,6,4,291,31,12,40,294.217,81,0,0,1,1,0,1,73,171,25,3,0,0,0.36242
1,0,0,0,9,2,4,291,31,12,40,294.217,81,0,0,1,1,0,1,73,171,25,40,1,1,0.856262
1,0,0,0,9,2,4,179,51,18,38,294.217,81,0,0,0,1,0,0,89,170,31,8,1,1,0.597829
0,0,0,1,10,2,4,289,36,13,33,265.017,88,0,0,2,1,0,1,90,172,30,8,1,1,0.680448
0,0,0,1,10,2,4,235,11,14,37,265.017,88,0,1,1,0,0,1,88,172,29,4,1,0,0.405174
0,0,0,1,10,2,4,289,36,13,33,265.017,88,0,0,2,1,0,1,90,172,30,8,1,1,0.680448
0,0,0,1,10,6,4,289,36,13,33,265.017,88,0,0,2,1,0,1,90,172,30,8,1,1,0.54173
0,0,0,0,10,6,4,118,13,18,50,265.017,88,1,0,1,1,0,0,98,178,31,0,0,0,0.00988104
0,0,0,0,10,6,4,248,25,14,47,265.017,88,1,0,2,0,0,1,86,165,32,0,0,0,0.0167319
1,0,0,0,10,2,4,179,26,9,30,265.017,88,0,1,0,0,0,0,56,171,19,8,1,1,0.550336
1,0,0,0,10,2,4,118,10,10,37,265.017,88,0,0,0,0,0,0,83,172,28,3,0,1,0.58005
0,0,0,1,10,2,4,369,17,12,31,265.017,88,0,0,3,1,0,0,70,169,25,8,1,1,0.895384
0,0,0,1,10,4,4,179,51,18,38,265.017,88,0,0,0,1,0,0,89,170,31,1,0,0,0.153431
1,0,0,0,10,4,4,179,26,9,30,265.017,88,0,1,0,0,0,0,56,171,19,64,1,0,0.476958
0,0,0,0,10,4,4,235,20,13,43,265.017,88,1,0,1,1,0,0,106,167,38,0,0,0,0.0566419
0,0,1,0,10,5,4,289,36,13,33,265.017,88,0,0,2,1,0,1,90,172,30,16,1,1,0.918971
0,0,0,0,10,6,4,235,20,13,43,265.017,88,1,0,1,1,0,0,106,167,38,0,0,0,0.0428212
0,0,0,1,10,2,4,235,20,13,43,265.017,88,0,0,1,1,0,0,106,167,38,2,0,1,0.663669
0,0,0,1,10,2,4,235,20,13,43,265.017,88,0,0,1,1,0,0,106,167,38,2,0,1,0.663669
0,0,0,1,10,3,4,118,13,18,50,265.017,88,0,0,1,1,0,0,98,178,31,1,0,0,0.275341
0,0,0,1,10,3,4,291,31,12,40,265.017,88,0,0,1,1,0,1,73,171,25,4,1,0,0.456945
0,0,0,1,10,5,4,179,26,9,30,265.017,88,0,1,0,0,0,0,56,171,19,16,1,0,0.119171
0,0,0,1,10,5,4,118,13,18,50,265.017,88,0,0,1,1,0,0,98,178,31,1,0,0,0.220638
1,0,0,0,10,2,4,361,52,3,28,265.017,88,0,0,1,1,0,4,80,172,27,8,1,1,0.871921
0,0,0,0,10,3,4,260,50,11,36,265.017,88,1,0,4,1,0,0,65,168,23,0,0,0,0.0977435
0,0,0,0,10,3,4,291,31,12,40,265.017,88,1,0,1,1,0,1,73,171,25,0,0,0,0.0332215
1,0,0,0,10,4,4,179,26,9,30,265.017,88,0,1,0,0,0,0,56,171,19,5,1,0,0.476958
1,0,0,0,10,4,4,179,26,9,30,265.017,88,0,1,0,0,0,0,56,171,19,5,1,0,0.476958
0,0,0,1,10,5,4,118,13,18,50,265.017,88,0,0,1,1,0,0,98,178,31,1,0,0,0.220638
1,0,0,0,11,2,4,118,10,10,37,284.031,97,0,0,0,0,0,0,83,172,28,8,1,1,0.597824
0,0,0,1,11,2,4,248,25,14,47,284.031,97,0,0,2,0,0,1,86,165,32,2,0,0,0.446829
1,0,0,0,11,3,4,179,51,18,38,284.031,97,0,0,0,1,0,0,89,170,31,8,1,1,0.567966
0,0,0,1,11,6,4,260,50,11,36,284.031,97,0,0,4,1,0,0,65,168,23,3,0,1,0.647395
0,0,0,1,11,2,4,291,31,12,40,284.031,97,0,0,1,1,0,1,73,171,25,1,0,1,0.511975
1,0,0,0,11,2,4,378,49,11,36,284.031,97,0,0,2,0,1,4,65,174,21,8,1,1,0.804164
0,0,0,1,11,2,4,235,20,13,43,284.031,97,0,0,1,1,0,0,106,167,38,8,1,1,0.679857
0,0,0,0,11,3,4,330,16,4,28,284.031,97,1,1,0,0,0,0,84,182,25,0,0,0,0.0540186
0,0,1,0,11,4,4,235,11,14,37,284.031,97,0,1,1,0,0,1,88,172,29,1,0,1,0.818945
1,0,0,0,11,4,4,118,10,10,37,284.031,97,0,0,0,0,0,0,83,172,28,3,0,1,0.525514
0,0,0,1,11,5,4,235,11,14,37,284.031,97,0,1,1,0,0,1,88,172,29,2,0,0,0.320404
0,0,0,1,11,5,4,179,51,18,38,284.031,97,0,0,0,1,0,0,89,170,31,3,0,0,0.144101
1,0,0,0,11,6,4,246,25,16,41,284.031,97,0,0,0,1,0,0,67,170,23,8,1,1,0.608756
1,0,0,0,11,6,4,291,31,12,40,284.031,97,0,0,1,1,0,1,73,171,25,4,1,1,0.772121
1,0,0,0,11,2,4,246,25,16,41,284.031,97,0,0,0,1,0,0,67,170,23,8,1,1,0.737034
0,0,0,1,11,3,4,179,51,18,38,284.031,97,0,0,0,1,0,0,89,170,31,1,0,0,0.184315
1,0,0,0,11,4,4,260,50,11,36,284.031,97,0,0,4,1,0,0,65,168,23,8,1,1,0.934796
0,1,0,0,11,6,4,260,50,11,36,284.031,97,0,0,4,1,0,0,65,168,23,8,1,1,0.776845
0,0,0,0,11,6,4,378,49,11,36,284.031,97,1,0,2,0,1,4,65,174,21,0,0,0,0.0157497
0,0,0,0,11,3,4,279,5,14,39,284.031,97,1,0,2,1,1,0,68,168,24,120,1,0,0.130446
0,0,0,1,11,5,4,179,51,18,38,284.031,97,0,0,0,1,0,0,89,170,31,1,0,0,0.144101
1,0,0,0,12,2,4,225,26,9,28,236.629,93,0,0,1,0,0,2,69,169,24,3,0,1,0.679906
0,0,0,1,12,2,4,179,51,18,38,236.629,93,0,0,0,1,0,0,89,170,31,2,0,0,0.196295
0,0,0,1,12,2,4,179,51,18,38,236.629,93,0,0,0,1,0,0,89,170,31,1,0,0,0.196295
0,0,0,1,12,2,4,235,11,14,37,236.629,93,0,1,1,0,0,1,88,172,29,3,0,0,0.406153
0,0,0,1,12,3,4,118,13,18,50,236.629,93,0,0,1,1,0,0,98,178,31,1,0,0,0.276152
0,0,0,1,12,6,4,260,50,11,36,236.629,93,0,0,4,1,0,0,65,168,23,4,1,1,0.631404
1,0,0,0,12,5,4,246,25,16,41,236.629,93,0,0,0,1,0,0,67,170,23,8,1,1,0.627114
0,0,0,1,12,5,4,179,51,18,38,236.629,93,0,0,0,1,0,0,89,170,31,1,0,0,0.135755
0,0,0,1,12,6,4,179,51,18,38,236.629,93,0,0,0,1,0,0,89,170,31,1,0,0,0.119399
0,0,0,1,12,3,4,179,26,9,30,236.629,93,0,1,0,0,0,0,56,171,19,1,0,0,0.154207
0,0,0,1,12,3,4,118,10,10,37,236.629,93,0,0,0,0,0,0,83,172,28,8,1,0,0.17065
0,0,0,1,12,6,4,179,51,18,38,236.629,93,0,0,0,1,0,0,89,170,31,1,0,0,0.119399
1,0,0,0,12,3,2,235,20,13,43,236.629,93,0,0,1,1,0,0,106,167,38,8,1,1,0.936143
1,0,0,0,12,3,2,235,11,14,37,236.629,93,0,1,1,0,0,1,88,172,29,4,1,1,0.834998
0,0,0,1,12,4,2,260,50,11,36,236.629,93,0,0,4,1,0,0,65,168,23,8,1,1,0.772074
0,0,0,1,12,2,2,157,27,6,29,236.629,93,0,0,0,1,1,0,75,185,22,2,0,0,0.467943
0,0,0,1,12,2,2,179,51,18,38,236.629,93,0,0,0,1,0,0,89,170,31,3,0,0,0.264627
0,0,1,0,12,2,2,289,36,13,33,236.629,93,0,0,2,1,0,1,90,172,30,8,1,1,0.963082
0,0,0,1,1,4,2,225,26,9,28,330.061,100,0,0,1,0,0,2,69,169,24,5,1,0,0.233164
0,0,1,0,1,2,2,118,10,10,37,330.061,100,0,0,0,0,0,0,83,172,28,32,1,1,0.68814
0,0,0,1,1,2,2,155,12,14,34,330.061,100,0,0,2,1,0,0,95,196,25,2,0,1,0.52226
1,0,0,0,1,3,2,235,11,14,37,330.061,100,0,1,1,0,0,1,88,172,29,1,0,1,0.793352
0,0,0,1,1,3,2,155,12,14,34,330.061,100,0,0,2,1,0,0,95,196,25,4,1,0,0.485496
0,0,0,1,1,2,2,289,36,13,33,330.061,100,0,0,2,1,0,1,90,172,30,8,1,1,0.705
1,0,0,0,1,4,2,291,31,12,40,330.061,100,0,0,1,1,0,1,73,171,25,8,1,1,0.825858
0,0,0,1,1,2,2,235,20,13,43,330.061,100,0,0,1,1,0,0,106,167,38,8,1,1,0.688921
0,0,0,1,1,2,2,118,13,18,50,330.061,100,0,0,1,1,0,0,98,178,31,4,1,0,0.330667
0,0,0,1,1,6,2,179,51,18,38,330.061,100,0,0,0,1,0,0,89,170,31,1,0,0,0.131609
0,0,0,1,2,3,2,118,10,10,37,251.818,96,0,0,0,0,0,0,83,172,28,2,0,0,0.165103
0,0,0,1,2,4,2,179,51,18,38,251.818,96,0,0,0,1,0,0,89,170,31,3,0,0,0.148858
1,0,0,0,2,4,2,225,26,9,28,251.818,96,0,0,1,0,0,2,69,169,24,1,0,1,0.603332
0,0,0,1,2,6,2,289,36,13,33,251.818,96,0,0,2,1,0,1,90,172,30,3,0,1,0.532868
0,0,0,1,2,6,2,179,51,18,38,251.818,96,0,0,0,1,0,0,89,170,31,3,0,0,0.115286
0,0,0,1,2,2,2,179,51,18,38,251.818,96,0,0,0,1,0,0,89,170,31,2,0,0,0.190106
0,0,0,1,2,4,2,179,51,18,38,251.818,96,0,0,0,1,0,0,89,170,31,3,0,0,0.148858
1,0,0,0,2,5,2,179,51,18,38,251.818,96,0,0,0,1,0,0,89,170,31,8,1,0,0.467602
0,0,0,1,2,5,2,246,25,16,41,251.818,96,0,0,0,1,0,0,67,170,23,8,1,0,0.217415
0,0,0,1,2,6,2,179,51,18,38,251.818,96,0,0,0,1,0,0,89,170,31,3,0,0,0.115286
0,0,0,1,2,2,2,179,51,18,38,251.818,96,0,0,0,1,0,0,89,170,31,3,0,0,0.190106
0,0,0,1,2,3,2,246,25,16,41,251.818,96,0,0,0,1,0,0,67,170,23,2,0,0,0.271598
0,0,0,1,2,3,2,291,31,12,40,251.818,96,0,0,1,1,0,1,73,171,25,2,0,0,0.448114
1,0,0,0,2,4,2,157,27,6,29,251.818,96,0,0,0,1,1,0,75,185,22,16,1,1,0.713207
0,0,0,1,2,4,2,179,51,18,38,251.818,96,0,0,0,1,0,0,89,170,31,3,0,0,0.148858
0,0,0,1,2,6,2,179,51,18,38,251.818,96,0,0,0,1,0,0,89,170,31,3,0,0,0.115286
1,0,0,0,2,6,2,246,25,16,41,251.818,96,0,0,0,1,0,0,67,170,23,24,1,1,0.582493
0,0,0,1,2,4,2,179,51,18,38,251.818,96,0,0,0,1,0,0,89,170,31,3,0,0,0.148858
0,0,0,1,2,6,2,179,51,18,38,251.818,96,0,0,0,1,0,0,89,170,31,3,0,0,0.115286
0,0,1,0,3,3,2,118,10,10,37,244.387,98,0,0,0,0,0,0,83,172,28,8,1,1,0.625856
0,0,1,0,3,4,2,246,25,16,41,244.387,98,0,0,0,1,0,0,67,170,23,16,1,1,0.731364
0,0,0,1,3,6,2,246,25,16,41,244.387,98,0,0,0,1,0,0,67,170,23,2,0,0,0.196754
0,0,0,1,3,6,2,260,50,11,36,244.387,98,0,0,4,1,0,0,65,168,23,4,1,1,0.627089
0,0,0,1,3,2,2,179,51,18,38,244.387,98,0,0,0,1,0,0,89,170,31,2,0,0,0.193394
0,0,0,1,3,2,2,235,11,14,37,244.387,98,0,1,1,0,0,1,88,172,29,8,1,0,0.4017
0,0,0,1,3,3,2,179,22,17,40,244.387,98,0,1,2,0,1,0,63,170,22,8,1,0,0.315556
0,0,0,1,3,2,2,179,51,18,38,244.387,98,0,0,0,1,0,0,89,170,31,16,1,0,0.193394
0,0,0,0,3,4,2,369,17,12,31,244.387,98,1,0,3,1,0,0,70,169,25,0,0,0,0.204264
0,0,1,0,3,5,2,235,11,14,37,244.387,98,0,1,1,0,0,1,88,172,29,8,1,1,0.781465
0,0,0,1,3,6,3,118,13,18,50,244.387,98,0,0,1,1,0,0,98,178,31,2,0,0,0.165579
1,0,0,0,3,3,3,118,13,18,50,244.387,98,0,0,1,1,0,0,98,178,31,3,0,1,0.642226
1,0,0,0,3,4,3,118,13,18,50,244.387,98,0,0,1,1,0,0,98,178,31,8,1,1,0.60776
0,0,0,0,3,5,3,246,25,16,41,244.387,98,1,0,0,1,0,0,67,170,23,0,0,0,0.00945717
0,0,0,0,3,5,3,118,13,18,50,244.387,98,1,0,1,1,0,0,98,178,31,0,0,0,0.00930103
0,0,0,1,3,6,3,179,51,18,38,244.387,98,0,0,0,1,0,0,89,170,31,8,1,0,0.0988198
0,0,0,1,3,6,3,289,36,13,33,244.387,98,0,0,2,1,0,1,90,172,30,8,1,0,0.489776
0,0,1,0,3,2,3,260,50,11,36,244.387,98,0,0,4,1,0,0,65,168,23,8,1,1,0.953845
0,0,0,1,3,3,3,246,25,16,41,244.387,98,0,0,0,1,0,0,67,170,23,2,0,0,0.238832
0,0,0,1,4,4,3,179,51,18,38,239.409,98,0,0,0,1,0,0,89,170,31,4,1,0,0.132005
0,0,0,1,4,6,3,260,50,11,36,239.409,98,0,0,4,1,0,0,65,168,23,3,0,1,0.588744
0,0,0,1,4,6,3,330,16,4,28,239.409,98,0,1,0,0,0,0,84,182,25,4,1,0,0.412172
0,0,0,1,4,2,3,369,17,12,31,239.409,98,0,0,3,1,0,0,70,169,25,4,1,1,0.877778
0,0,0,1,4,2,3,248,25,14,47,239.409,98,0,0,2,0,0,1,86,165,32,4,1,0,0.386434
0,0,0,1,4,4,3,330,16,4,28,239.409,98,0,1,0,0,0,0,84,182,25,8,1,0,0.484821
0,0,0,1,4,4,3,179,51,18,38,239.409,98,0,0,0,1,0,0,89,170,31,8,1,0,0.132005
0,0,0,1,4,2,3,118,13,18,50,239.409,98,0,0,1,1,0,0,98,178,31,1,0,0,0.269735
1,0,0,0,4,4,3,118,13,18,50,239.409,98,0,0,1,1,0,0,98,178,31,120,1,1,0.615552
0,0,0,1,4,6,3,300,26,13,43,239.409,98,0,0,2,1,1,1,77,175,25,8,1,1,0.532484
0,0,0,1,4,6,3,260,50,11,36,239.409,98,0,0,4,1,0,0,65,168,23,4,1,1,0.588744
0,0,0,1,4,2,3,179,51,18,38,239.409,98,0,0,0,1,0,0,89,170,31,4,1,0,0.169513
1,0,0,0,4,4,3,118,10,10,37,239.409,98,0,0,0,0,0,0,83,172,28,2,0,0,0.463394
1,0,0,0,5,2,3,235,20,13,43,246.074,99,0,0,1,1,0,0,106,167,38,16,1,1,0.911033
0,0,0,1,5,4,3,248,25,14,47,246.074,99,0,0,2,0,0,1,86,165,32,2,0,0,0.332812
1,0,0,0,5,2,3,369,17,12,31,246.074,99,0,0,3,1,0,0,70,169,25,8,1,1,0.977981
0,0,0,1,5,4,3,179,26,9,30,246.074,99,0,1,0,0,0,0,56,171,19,3,0,0,0.122659
0,0,0,1,5,4,3,179,51,18,38,246.074,99,0,0,0,1,0,0,89,170,31,4,1,0,0.139164
0,0,0,1,5,5,3,361,52,3,28,246.074,99,0,0,1,1,0,4,80,172,27,1,0,0,0.401651
0,0,0,1,5,6,3,260,50,11,36,246.074,99,0,0,4,1,0,0,65,168,23,3,0,1,0.603451
1,0,0,0,5,2,3,179,22,17,40,246.074,99,0,1,2,0,1,0,63,170,22,2,0,1,0.737674
1,0,0,0,5,2,3,179,22,17,40,246.074,99,0,1,2,0,1,0,63,170,22,3,0,1,0.737674
0,0,1,0,5,4,3,228,14,16,58,246.074,99,0,0,2,0,0,1,65,172,22,8,1,1,0.650028
0,0,0,1,5,4,3,225,26,9,28,246.074,99,0,0,1,0,0,2,69,169,24,3,0,0,0.194624
1,0,0,0,5,6,3,330,16,4,28,246.074,99,0,1,0,0,0,0,84,182,25,8,1,1,0.812606
0,0,0,1,5,2,3,179,26,9,30,246.074,99,0,1,0,0,0,0,56,171,19,2,0,0,0.157994
0,0,0,1,5,2,3,118,10,10,37,246.074,99,0,0,0,0,0,0,83,172,28,1,0,0,0.174758
1,0,0,0,5,2,3,235,11,14,37,246.074,99,0,1,1,0,0,1,88,172,29,8,1,1,0.779485
0,0,0,1,5,4,3,179,26,9,30,246.074,99,0,1,0,0,0,0,56,171,19,3,0,0,0.122659
0,0,0,1,6,2,3,118,10,10,37,253.957,95,0,0,0,0,0,0,83,172,28,3,0,0,0.186149
0,0,0,1,6,2,3,179,51,18,38,253.957,95,0,0,0,1,0,0,89,170,31,3,0,0,0.189856
0,0,0,1,6,3,3,118,10,10,37,253.957,95,0,0,0,0,0,0,83,172,28,2,0,0,0.164879
0,0,0,1,6,5,3,225,26,9,28,253.957,95,0,0,1,0,0,2,69,169,24,4,1,0,0.183873
0,0,0,1,6,6,3,260,50,11,36,253.957,95,0,0,4,1,0,0,65,168,23,4,1,1,0.621732
0,0,0,0,6,6,3,179,51,18,38,253.957,95,1,0,0,1,0,0,89,170,31,0,0,0,0.00528494
1,0,0,0,6,2,3,291,31,12,40,253.957,95,0,0,1,1,0,1,73,171,25,40,1,1,0.845293
0,0,0,1,6,2,3,179,51,18,38,253.957,95,0,0,0,1,0,0,89,170,31,24,1,0,0.189856
0,0,0,1,6,3,3,246,25,16,41,253.957,95,0,0,0,1,0,0,67,170,23,3,0,0,0.271276
0,0,0,1,6,2,3,179,51,18,38,253.957,95,0,0,0,1,0,0,89,170,31,4,1,0,0.189856
0,0,0,1,6,3,3,235,20,13,43,253.957,95,0,0,1,1,0,0,106,167,38,8,1,1,0.621351
0,0,0,1,6,2,1,179,51,18,38,253.957,95,0,0,0,1,0,0,89,170,31,2,0,0,0.256661
0,0,0,1,6,4,1,225,26,9,28,253.957,95,0,0,1,0,0,2,69,169,24,2,0,0,0.277752
0,0,0,1,6,4,1,118,13,18,50,253.957,95,0,0,1,1,0,0,98,178,31,2,0,0,0.317661
1,0,0,0,6,4,1,179,51,18,38,253.957,95,0,0,0,1,0,0,89,170,31,8,1,1,0.599476
0,0,1,0,6,4,1,179,26,9,30,253.957,95,0,1,0,0,0,0,56,171,19,2,0,1,0.648195
0,0,0,1,6,6,1,246,25,16,41,253.957,95,0,0,0,1,0,0,67,170,23,2,0,0,0.260765
1,0,0,0,6,3,1,330,16,4,28,253.957,95,0,1,0,0,0,0,84,182,25,1,0,1,0.914747
1,0,0,0,6,3,1,235,11,14,37,253.957,95,0,1,1,0,0,1,88,172,29,8,1,1,0.829224
0,0,0,1,7,5,1,179,26,9,30,230.29,92,0,1,0,0,0,0,56,171,19,2,0,0,0.159887
0,0,0,1,7,5,1,225,26,9,28,230.29,92,0,0,1,0,0,2,69,169,24,4,1,0,0.247531
1,0,0,0,7,6,1,260,50,11,36,230.29,92,0,0,4,1,0,0,65,168,23,8,1,1,0.933165
1,0,0,0,7,2,1,268,11,8,33,230.29,92,0,1,0,0,0,0,79,178,25,8,1,1,0.858272
0,0,0,1,7,6,1,330,16,4,28,230.29,92,0,1,0,0,0,0,84,182,25,8,1,1,0.540322
0,0,0,1,7,6,1,118,10,10,37,230.29,92,0,0,0,0,0,0,83,172,28,8,1,0,0.156401
0,0,0,1,7,2,1,260,50,11,36,230.29,92,0,0,4,1,0,0,65,168,23,4,1,1,0.812133
0,0,0,1,7,3,1,118,10,10,37,230.29,92,0,0,0,0,0,0,83,172,28,8,1,0,0.223765
0,1,0,0,7,2,1,300,26,13,43,230.29,92,0,0,2,1,1,1,77,175,25,8,1,1,0.867041
0,0,0,1,7,2,1,235,29,12,48,230.29,92,0,0,1,0,1,5,88,163,33,1,0,0,0.257537
0,0,0,1,7,3,1,246,25,16,41,230.29,92,0,0,0,1,0,0,67,170,23,2,0,0,0.352137
1,0,0,0,7,3,1,225,26,9,28,230.29,92,0,0,1,0,0,2,69,169,24,112,1,1,0.719781
0,0,0,1,7,3,1,179,51,18,38,230.29,92,0,0,0,1,0,0,89,170,31,1,0,0,0.228011
0,0,0,1,7,6,1,118,13,18,50,230.29,92,0,0,1,1,0,0,98,178,31,1,0,0,0.255811
0,0,0,1,7,6,1,361,52,3,28,230.29,92,0,0,1,1,0,4,80,172,27,8,1,0,0.477471
0,0,0,1,7,2,1,289,36,13,33,230.29,92,0,0,2,1,0,1,90,172,30,8,1,1,0.749708
0,0,0,1,7,2,1,235,20,13,43,230.29,92,0,0,1,1,0,0,106,167,38,8,1,1,0.735151
0,0,0,1,7,3,1,246,25,16,41,230.29,92,0,0,0,1,0,0,67,170,23,2,0,0,0.352137
0,0,0,1,7,5,1,291,31,12,40,230.29,92,0,0,1,1,0,1,73,171,25,1,0,0,0.468621
0,0,0,1,7,5,1,279,5,14,39,230.29,92,0,0,2,1,1,0,68,168,24,2,0,1,0.781536
0,0,0,1,8,5,1,179,51,18,38,249.797,93,0,0,0,1,0,0,89,170,31,4,1,0,0.194859
0,0,0,1,8,2,1,179,22,17,40,249.797,93,0,1,2,0,1,0,63,170,22,1,0,0,0.456018
0,0,0,1,8,3,1,246,25,16,41,249.797,93,0,0,0,1,0,0,67,170,23,4,1,0,0.374125
0,0,0,1,8,3,1,118,10,10,37,249.797,93,0,0,0,0,0,0,83,172,28,4,1,0,0.240715
0,0,0,1,8,3,1,289,36,13,33,249.797,93,0,0,2,1,0,1,90,172,30,8,1,1,0.739819
0,0,0,1,8,3,1,235,20,13,43,249.797,93,0,0,1,1,0,0,106,167,38,8,1,1,0.724897
0,0,0,1,8,5,1,291,31,12,40,249.797,93,0,0,1,1,0,1,73,171,25,4,1,0,0.492355
0,0,0,1,8,2,1,179,51,18,38,249.797,93,0,0,0,1,0,0,89,170,31,4,1,0,0.273418
0,0,0,1,8,3,1,179,22,17,40,249.797,93,0,1,2,0,1,0,63,170,22,8,1,0,0.41982
0,0,0,1,8,5,1,330,16,4,28,249.797,93,0,1,0,0,0,0,84,182,25,16,1,1,0.599617
0,0,0,1,8,3,1,235,11,14,37,249.797,93,0,1,1,0,0,1,88,172,29,4,1,0,0.476329
0,0,0,1,8,3,1,246,25,16,41,249.797,93,0,0,0,1,0,0,67,170,23,1,0,0,0.374125
0,0,0,1,8,3,1,118,10,10,37,249.797,93,0,0,0,0,0,0,83,172,28,5,1,0,0.240715
0,0,0,1,8,5,1,291,31,12,40,249.797,93,0,0,1,1,0,1,73,171,25,2,0,0,0.492355
0,0,0,1,8,2,1,260,50,11,36,249.797,93,0,0,4,1,0,0,65,168,23,3,0,1,0.826214
0,0,0,1,9,3,1,246,25,16,41,261.756,87,0,0,0,1,0,0,67,170,23,1,0,0,0.396127
0,0,0,1,9,3,1,246,25,16,41,261.756,87,0,0,0,1,0,0,67,170,23,1,0,0,0.396127
0,0,0,1,9,3,1,118,10,10,37,261.756,87,0,0,0,0,0,0,83,172,28,3,0,0,0.258107
0,0,0,1,9,3,1,155,12,14,34,261.756,87,0,0,2,1,0,0,95,196,25,2,0,1,0.588031
0,0,0,1,9,5,1,291,31,12,40,261.756,87,0,0,1,1,0,1,73,171,25,2,0,1,0.515582
0,0,0,1,9,6,1,179,26,9,30,261.756,87,0,1,0,0,0,0,56,171,19,8,1,0,0.165457
0,0,0,1,9,6,1,248,25,14,47,261.756,87,0,0,2,0,0,1,86,165,32,1,0,0,0.414308
0,0,0,1,9,2,1,179,51,18,38,261.756,87,0,0,0,1,0,0,89,170,31,4,1,0,0.292263
0,0,0,1,9,4,1,225,26,9,28,261.756,87,0,0,1,0,0,2,69,169,24,1,0,0,0.315039
0,0,0,1,9,3,4,361,52,3,28,261.756,87,0,0,1,1,0,4,80,172,27,8,1,0,0.489479
1,0,0,0,10,5,4,289,48,29,49,284.853,91,0,0,0,0,0,2,108,172,36,1,0,0,0.304037
1,0,0,0,10,5,4,235,16,8,32,284.853,91,0,1,0,0,0,0,75,178,25,3,0,1,0.647371
0,0,0,1,10,4,4,291,31,12,40,284.853,91,0,0,1,1,0,1,73,171,25,2,0,0,0.431708
0,0,0,1,10,3,4,118,10,10,37,284.853,91,0,0,0,0,0,0,83,172,28,2,0,0,0.176507
0,0,0,1,10,5,4,289,48,29,49,284.853,91,0,0,0,0,0,2,108,172,36,2,0,0,0.0698442
0,0,0,1,10,6,4,291,31,12,40,284.853,91,0,0,1,1,0,1,73,171,25,1,0,0,0.361434
0,0,0,1,10,3,4,225,26,9,28,284.853,91,0,0,1,0,0,2,69,169,24,2,0,0,0.247145
0,0,0,1,10,3,4,369,17,12,31,284.853,91,0,0,3,1,0,0,70,169,25,8,1,1,0.885413
0,0,0,1,10,3,4,369,17,12,31,284.853,91,0,0,3,1,0,0,70,169,25,8,1,1,0.885413
0,0,0,1,10,4,4,179,51,18,38,284.853,91,0,0,0,1,0,0,89,170,31,3,0,0,0.159354
1,0,0,0,10,4,4,228,14,16,58,284.853,91,0,0,2,0,0,1,65,172,22,1,0,1,0.604752
0,0,0,1,10,4,4,291,31,12,40,284.853,91,0,0,1,1,0,1,73,171,25,1,0,0,0.431708
1,0,0,0,10,5,4,369,17,12,31,284.853,91,0,0,3,1,0,0,70,169,25,8,1,1,0.97101
1,0,0,0,10,5,4,225,26,9,28,284.853,91,0,0,1,0,0,2,69,169,24,1,0,1,0.587291
1,0,0,0,10,6,4,369,17,12,31,284.853,91,0,0,3,1,0,0,70,169,25,8,1,1,0.966569
1,0,0,0,10,6,4,225,26,9,28,284.853,91,0,0,1,0,0,2,69,169,24,3,0,1,0.551232
0,0,0,1,10,2,4,189,29,13,33,284.853,91,0,0,2,0,0,2,69,167,25,8,1,0,0.251054
1,0,0,0,10,2,4,235,16,8,32,284.853,91,0,1,0,0,0,0,75,178,25,8,1,1,0.740563
1,0,0,0,10,2,4,248,25,14,47,284.853,91,0,0,2,0,0,1,86,165,32,8,1,1,0.820378
0,0,0,0,10,2,4,225,26,9,28,284.853,91,1,0,1,0,0,2,69,169,24,0,0,0,0.0152938
1,0,0,0,10,3,4,225,26,9,28,284.853,91,0,0,1,0,0,2,69,169,24,3,0,1,0.656343
0,0,1,0,11,3,4,179,51,18,38,268.519,93,0,0,0,1,0,0,89,170,31,1,0,1,0.644678
0,0,0,1,11,4,4,118,10,10,37,268.519,93,0,0,0,0,0,0,83,172,28,3,0,0,0.155817
1,0,0,0,11,4,4,330,16,4,28,268.519,93,0,1,0,0,0,0,84,182,25,24,1,1,0.871931
0,0,0,1,11,6,4,179,51,18,38,268.519,93,0,0,0,1,0,0,89,170,31,1,0,0,0.123503
1,0,0,0,11,3,4,118,10,10,37,268.519,93,0,0,0,0,0,0,83,172,28,8,1,1,0.554379
0,0,0,1,11,4,4,289,36,13,33,268.519,93,0,0,2,1,0,1,90,172,30,8,1,1,0.623422
1,0,0,0,11,6,4,235,16,8,32,268.519,93,0,1,0,0,0,0,75,178,25,8,1,1,0.612542
0,0,0,1,11,6,4,225,26,9,28,268.519,93,0,0,1,0,0,2,69,169,24,4,1,0,0.173983
0,0,0,1,11,3,4,361,52,3,28,268.519,93,0,0,1,1,0,4,80,172,27,8,1,1,0.513126
0,0,0,1,11,4,4,291,31,12,40,268.519,93,0,0,1,1,0,1,73,171,25,2,0,0,0.431129
1,0,0,0,11,5,4,118,10,10,37,268.519,93,0,0,0,0,0,0,83,172,28,2,0,0,0.481039
1,0,0,0,11,5,4,225,26,9,28,268.519,93,0,0,1,0,0,2,69,169,24,3,0,1,0.586718
0,0,0,1,11,2,4,179,51,18,38,268.519,93,0,0,0,1,0,0,89,170,31,1,0,0,0.202435
0,0,0,1,11,2,4,118,10,10,37,268.519,93,0,0,0,0,0,0,83,172,28,8,1,0,0.198542
1,0,0,0,11,3,4,118,10,10,37,268.519,93,0,0,0,0,0,0,83,172,28,8,1,1,0.554379
0,0,0,1,11,3,4,225,26,9,28,268.519,93,0,0,1,0,0,2,69,169,24,2,0,0,0.246705
0,0,0,0,11,3,4,291,31,12,40,268.519,93,1,0,1,1,0,1,73,171,25,0,0,0,0.0346149
0,0,0,0,11,4,4,289,36,13,33,268.519,93,1,0,2,1,0,1,90,172,30,0,0,0,0.0633268
1,0,0,0,11,5,4,248,25,14,47,268.519,93,0,0,2,0,0,1,86,165,32,4,1,1,0.745577
0,0,0,1,11,2,4,361,52,3,28,268.519,93,0,0,1,1,0,4,80,172,27,2,0,1,0.549746
0,0,0,1,12,4,4,291,31,12,40,280.549,98,0,0,1,1,0,1,73,171,25,1,0,0,0.447165
0,0,0,1,12,4,4,225,26,9,28,280.549,98,0,0,1,0,0,2,69,169,24,3,0,0,0.231782
1,0,0,0,12,6,4,179,26,9,30,280.549,98,0,1,0,0,0,0,56,171,19,1,0,0,0.430736
0,0,0,1,12,6,4,225,26,9,28,280.549,98,0,0,1,0,0,2,69,169,24,3,0,0,0.183541
0,0,0,1,12,4,4,225,26,9,28,280.549,98,0,0,1,0,0,2,69,169,24,3,0,0,0.231782
1,0,0,0,12,5,4,361,52,3,28,280.549,98,0,0,1,1,0,4,80,172,27,4,1,1,0.829814
0,0,1,0,12,6,4,179,22,17,40,280.549,98,0,1,2,0,1,0,63,170,22,2,0,1,0.735054
0,0,0,1,12,6,4,235,20,13,43,280.549,98,0,0,1,1,0,0,106,167,38,8,1,1,0.54954
0,0,1,0,12,2,4,233,51,1,31,280.549,98,0,1,1,1,0,8,68,178,21,8,1,1,0.5517
1,0,0,0,12,3,4,179,26,9,30,280.549,98,0,1,0,0,0,0,56,171,19,16,1,1,0.540547
0,0,0,1,12,3,4,225,26,9,28,280.549,98,0,0,1,0,0,2,69,169,24,2,0,0,0.259005
0,0,0,1,12,5,4,225,26,9,28,280.549,98,0,0,1,0,0,2,69,169,24,3,0,0,0.206622
0,0,0,1,12,2,4,225,26,9,28,280.549,98,0,0,1,0,0,2,69,169,24,2,0,0,0.288226
0,0,1,0,12,3,2,155,12,14,34,280.549,98,0,0,2,1,0,0,95,196,25,80,1,1,0.919515
1,0,0,0,1,2,2,179,26,9,30,313.532,96,0,1,0,0,0,0,56,171,19,24,1,1,0.570486
1,0,0,0,1,5,2,179,26,9,30,313.532,96,0,1,0,0,0,0,56,171,19,16,1,0,0.460692
0,0,0,1,1,5,2,179,22,17,40,313.532,96,0,1,2,0,1,0,63,170,22,2,0,0,0.274423
0,0,0,1,1,6,2,179,22,17,40,313.532,96,0,1,2,0,1,0,63,170,22,2,0,0,0.246117
1,0,0,0,1,2,2,179,26,9,30,313.532,96,0,1,0,0,0,0,56,171,19,3,0,1,0.570486
0,0,0,1,1,4,2,179,22,17,40,313.532,96,0,1,2,0,1,0,63,170,22,2,0,0,0.304668
1,0,0,0,1,5,2,289,48,29,49,313.532,96,0,0,0,0,0,2,108,172,36,8,1,0,0.311903
0,0,1,0,1,6,2,179,22,17,40,313.532,96,0,1,2,0,1,0,63,170,22,3,0,1,0.72999
0,0,0,1,1,2,2,179,26,9,30,313.532,96,0,1,0,0,0,0,56,171,19,2,0,0,0.185865
0,0,1,0,1,3,2,155,12,14,34,313.532,96,0,0,2,1,0,0,95,196,25,8,1,1,0.883127
0,0,0,1,1,4,2,179,26,9,30,313.532,96,0,1,0,0,0,0,56,171,19,2,0,0,0.145372
0,0,0,1,1,4,2,179,51,18,38,313.532,96,0,0,0,1,0,0,89,170,31,3,0,0,0.164361
1,0,0,0,1,4,2,289,36,13,33,313.532,96,0,0,2,1,0,1,90,172,30,8,1,1,0.909233
0,0,0,1,1,5,2,179,51,18,38,313.532,96,0,0,0,1,0,0,89,170,31,3,0,0,0.145137
0,0,0,1,1,6,2,179,51,18,38,313.532,96,0,0,0,1,0,0,89,170,31,2,0,0,0.127817
1,0,0,0,2,3,2,179,51,18,38,264.249,97,0,0,0,1,0,0,89,170,31,8,1,1,0.548562
0,0,0,1,2,3,2,225,26,9,28,264.249,97,0,0,1,0,0,2,69,169,24,3,0,0,0.23793
1,0,0,0,2,4,2,248,25,14,47,264.249,97,0,0,2,0,0,1,86,165,32,8,1,1,0.763955
0,0,0,1,2,4,2,179,51,18,38,264.249,97,0,0,0,1,0,0,89,170,31,2,0,0,0.152748
0,0,0,1,2,5,2,225,26,9,28,264.249,97,0,0,1,0,0,2,69,169,24,3,0,0,0.188724
0,0,0,1,2,5,2,179,51,18,38,264.249,97,0,0,0,1,0,0,89,170,31,2,0,0,0.134664
0,0,0,1,2,5,2,179,26,9,30,264.249,97,0,1,0,0,0,0,56,171,19,2,0,0,0.118619
0,0,0,1,2,6,2,225,15,15,41,264.249,97,0,1,2,1,0,2,94,182,28,2,0,0,0.39129
0,0,0,1,2,6,2,179,51,18,38,264.249,97,0,0,0,1,0,0,89,170,31,2,0,0,0.118421
0,0,1,0,2,2,2,233,51,1,31,264.249,97,0,1,1,1,0,8,68,178,21,2,0,1,0.523639
0,0,0,1,2,2,2,179,51,18,38,264.249,97,0,0,0,1,0,0,89,170,31,2,0,0,0.194827
1,0,0,0,2,3,2,225,26,9,28,264.249,97,0,0,1,0,0,2,69,169,24,8,1,1,0.644941
0,0,0,1,2,4,2,179,51,18,38,264.249,97,0,0,0,1,0,0,89,170,31,3,0,0,0.152748
0,0,0,1,2,5,2,179,51,18,38,264.249,97,0,0,0,1,0,0,89,170,31,3,0,0,0.134664
0,0,0,1,2,5,2,225,26,9,28,264.249,97,0,0,1,0,0,2,69,169,24,3,0,0,0.188724
1,0,0,0,2,5,2,179,26,9,30,264.249,97,0,1,0,0,0,0,56,171,19,2,0,0,0.439145
0,0,0,1,2,6,2,179,22,17,40,264.249,97,0,1,2,0,1,0,63,170,22,2,0,0,0.23032
0,0,0,1,2,6,2,179,51,18,38,264.249,97,0,0,0,1,0,0,89,170,31,3,0,0,0.118421
1,0,0,0,2,4,2,233,51,1,31,264.249,97,0,1,1,1,0,8,68,178,21,3,0,0,0.365239
0,0,0,1,2,4,2,179,26,9,30,264.249,97,0,1,0,0,0,0,56,171,19,2,0,0,0.134885
0,0,0,1,2,4,2,179,51,18,38,264.249,97,0,0,0,1,0,0,89,170,31,2,0,0,0.152748
1,0,0,0,2,5,2,179,51,18,38,264.249,97,0,0,0,1,0,0,89,170,31,8,1,0,0.47517
0,0,0,1,2,6,2,179,51,18,38,264.249,97,0,0,0,1,0,0,89,170,31,2,0,0,0.118421
0,0,0,1,2,2,2,155,12,14,34,264.249,97,0,0,2,1,0,0,95,196,25,5,1,0,0.492109
0,0,0,1,2,2,2,235,16,8,32,264.249,97,0,1,0,0,0,0,75,178,25,3,0,0,0.318167
0,0,0,1,2,2,2,179,51,18,38,264.249,97,0,0,0,1,0,0,89,170,31,2,0,0,0.194827
1,0,0,0,2,2,2,225,26,9,28,264.249,97,0,0,1,0,0,2,69,169,24,2,0,1,0.677871
0,0,0,1,2,3,2,179,51,18,38,264.249,97,0,0,0,1,0,0,89,170,31,2,0,0,0.172776
0,0,0,1,2,3,2,248,25,14,47,264.249,97,0,0,2,0,0,1,86,165,32,2,0,0,0.391903
0,0,0,1,2,3,2,225,26,9,28,264.249,97,0,0,1,0,0,2,69,169,24,2,0,0,0.23793
0,0,0,1,2,4,2,179,51,18,38,264.249,97,0,0,0,1,0,0,89,170,31,2,0,0,0.152748
0,0,0,1,2,5,2,179,51,18,38,264.249,97,0,0,0,1,0,0,89,170,31,2,0,0,0.134664
0,0,0,1,2,6,2,235,16,8,32,264.249,97,0,1,0,0,0,0,75,178,25,2,0,0,0.205751
0,0,0,1,3,2,2,179,51,18,38,222.196,99,0,0,0,1,0,0,89,170,31,2,0,0,0.184009
0,0,0,1,3,2,2,248,25,14,47,222.196,99,0,0,2,0,0,1,86,165,32,2,0,0,0.410315
0,0,0,1,3,3,2,228,14,16,58,222.196,99,0,0,2,0,0,1,65,172,22,3,0,0,0.212631
0,0,0,1,3,3,2,248,25,14,47,222.196,99,0,0,2,0,0,1,86,165,32,3,0,0,0.375242
1,0,0,0,3,3,2,228,14,16,58,222.196,99,0,0,2,0,0,1,65,172,22,112,1,1,0.611067
0,0,0,1,3,4,2,179,51,18,38,222.196,99,0,0,0,1,0,0,89,170,31,2,0,0,0.143849
0,0,0,1,3,5,2,225,26,9,28,222.196,99,0,0,1,0,0,2,69,169,24,2,0,0,0.17817
0,0,0,1,3,5,2,179,51,18,38,222.196,99,0,0,0,1,0,0,89,170,31,3,0,0,0.126661
0,0,0,1,3,5,2,225,26,9,28,222.196,99,0,0,1,0,0,2,69,169,24,2,0,0,0.17817
0,0,0,1,3,6,2,179,26,9,30,222.196,99,0,1,0,0,0,0,56,171,19,3,0,0,0.0976885
0,0,0,1,3,2,2,235,16,8,32,222.196,99,0,1,0,0,0,0,75,178,25,3,0,0,0.303078
0,0,1,0,3,2,2,361,52,3,28,222.196,99,0,0,1,1,0,4,80,172,27,8,1,1,0.899833
1,0,0,0,3,3,2,179,51,18,38,222.196,99,0,0,0,1,0,0,89,170,31,8,1,1,0.531057
0,0,0,1,3,4,2,179,51,18,38,222.196,99,0,0,0,1,0,0,89,170,31,2,0,0,0.143849
0,0,0,1,3,5,2,179,51,18,38,222.196,99,0,0,0,1,0,0,89,170,31,3,0,0,0.126661
0,0,0,1,3,6,2,179,26,9,30,222.196,99,0,1,0,0,0,0,56,171,19,2,0,0,0.0976885
1,0,0,0,3,2,2,179,51,18,38,222.196,99,0,0,0,1,0,0,89,170,31,4,1,1,0.567466
1,0,0,0,3,2,2,248,25,14,47,222.196,99,0,0,2,0,0,1,86,165,32,2,0,1,0.80191
0,0,0,1,3,2,2,179,51,18,38,222.196,99,0,0,0,1,0,0,89,170,31,3,0,0,0.184009
1,0,0,0,3,2,2,225,26,9,28,222.196,99,0,0,1,0,0,2,69,169,24,8,1,1,0.662294
0,0,0,1,3,3,2,179,51,18,38,222.196,99,0,0,0,1,0,0,89,170,31,2,0,0,0.162935
0,0,0,1,3,4,2,289,36,13,33,222.196,99,0,0,2,1,0,1,90,172,30,8,1,1,0.595277
0,0,0,1,3,4,2,228,14,16,58,222.196,99,0,0,2,0,0,1,65,172,22,2,0,0,0.189039
0,0,0,1,3,4,2,179,51,18,38,222.196,99,0,0,0,1,0,0,89,170,31,2,0,0,0.143849
0,0,0,1,3,5,2,248,25,14,47,222.196,99,0,0,2,0,0,1,86,165,32,3,0,0,0.309159
0,0,0,1,3,5,2,179,51,18,38,222.196,99,0,0,0,1,0,0,89,170,31,3,0,0,0.126661
0,0,0,1,3,6,2,179,26,9,30,222.196,99,0,1,0,0,0,0,56,171,19,2,0,0,0.0976885
0,0,0,1,3,6,2,179,51,18,38,222.196,99,0,0,0,1,0,0,89,170,31,3,0,0,0.111259
0,0,0,1,3,3,3,179,51,18,38,222.196,99,0,0,0,1,0,0,89,170,31,3,0,0,0.138199
0,0,0,1,3,4,3,118,15,24,46,222.196,99,0,0,2,1,1,0,75,175,25,8,1,0,0.216001
1,0,0,0,3,4,3,155,12,14,34,222.196,99,0,0,2,1,0,0,95,196,25,24,1,1,0.763301
0,0,0,1,3,4,3,179,51,18,38,222.196,99,0,0,0,1,0,0,89,170,31,3,0,0,0.12159
0,0,0,1,3,5,3,179,51,18,38,222.196,99,0,0,0,1,0,0,89,170,31,3,0,0,0.10673
1,0,0,0,3,2,3,179,26,9,30,222.196,99,0,1,0,0,0,0,56,171,19,2,0,0,0.483133
0,0,1,0,3,2,3,289,36,13,33,222.196,99,0,0,2,1,0,1,90,172,30,104,1,1,0.930882
0,0,0,1,3,4,3,369,17,12,31,222.196,99,0,0,3,1,0,0,70,169,25,8,1,1,0.829654
1,0,0,0,4,2,3,225,26,9,28,246.288,91,0,0,1,0,0,2,69,169,24,8,1,1,0.64792
1,0,0,0,4,2,3,118,10,10,37,246.288,91,0,0,0,0,0,0,83,172,28,8,1,1,0.545774
0,0,1,0,4,3,3,361,52,3,28,246.288,91,0,0,1,1,0,4,80,172,27,8,1,1,0.879173
0,0,1,0,4,4,3,248,25,14,47,246.288,91,0,0,2,0,0,1,86,165,32,8,1,1,0.801143
1,0,0,0,4,5,3,189,29,13,33,246.288,91,0,0,2,0,0,2,69,167,25,8,1,1,0.51057
0,0,0,1,4,6,3,179,26,9,30,246.288,91,0,1,0,0,0,0,56,171,19,2,0,0,0.0922221
1,0,0,0,4,2,3,369,17,12,31,246.288,91,0,0,3,1,0,0,70,169,25,24,1,1,0.977435
0,1,0,0,4,3,3,179,22,17,40,246.288,91,0,1,2,0,1,0,63,170,22,2,0,0,0.4355
0,0,0,1,4,3,3,118,13,18,50,246.288,91,0,0,1,1,0,0,98,178,31,3,0,0,0.248419
0,0,0,1,4,3,3,361,52,3,28,246.288,91,0,0,1,1,0,4,80,172,27,2,0,0,0.467699
1,0,0,0,4,4,3,118,10,10,37,246.288,91,0,0,0,0,0,0,83,172,28,2,0,0,0.472365
0,0,0,1,4,6,3,235,11,14,37,246.288,91,0,1,1,0,0,1,88,172,29,8,1,0,0.247527
0,0,0,1,4,6,3,179,26,9,30,246.288,91,0,1,0,0,0,0,56,171,19,2,0,0,0.0922221
0,0,1,0,4,2,3,225,26,9,28,246.288,91,0,0,1,0,0,2,69,169,24,8,1,1,0.723716
0,1,0,0,4,3,3,235,16,8,32,246.288,91,0,1,0,0,0,0,75,178,25,3,0,0,0.400431
0,0,0,1,4,6,3,179,26,9,30,246.288,91,0,1,0,0,0,0,56,171,19,2,0,0,0.0922221
0,0,0,1,4,3,3,155,12,14,34,246.288,91,0,0,2,1,0,0,95,196,25,4,1,0,0.422433
0,0,1,0,4,5,3,225,26,9,28,246.288,91,0,0,1,0,0,2,69,169,24,8,1,1,0.627517
1,0,0,0,4,5,3,118,13,18,50,246.288,91,0,0,1,1,0,0,98,178,31,2,0,1,0.588948
0,0,0,1,4,6,3,179,26,9,30,246.288,91,0,1,0,0,0,0,56,171,19,2,0,0,0.0922221
0,0,0,1,5,2,3,235,11,14,37,237.656,99,0,1,1,0,0,1,88,172,29,8,1,0,0.372721
0,0,1,0,5,4,3,225,15,15,41,237.656,99,0,1,2,1,0,2,94,182,28,3,0,1,0.86236
0,0,0,1,5,4,3,235,16,8,32,237.656,99,0,1,0,0,0,0,75,178,25,2,0,0,0.233651
1,0,0,0,5,4,3,118,10,10,37,237.656,99,0,0,0,0,0,0,83,172,28,3,0,0,0.473053
0,0,0,1,5,4,3,235,20,13,43,237.656,99,0,0,1,1,0,0,106,167,38,8,1,1,0.561886
1,0,0,0,5,5,3,179,26,9,30,237.656,99,0,1,0,0,0,0,56,171,19,1,0,0,0.407099
0,0,0,1,5,5,3,291,31,12,40,237.656,99,0,0,1,1,0,1,73,171,25,2,0,0,0.353539
1,0,0,0,5,5,3,225,15,15,41,237.656,99,0,1,2,1,0,2,94,182,28,8,1,1,0.79164
0,0,1,0,5,6,3,300,26,13,43,237.656,99,0,0,2,1,1,1,77,175,25,64,1,1,0.907453
0,0,0,1,5,6,3,225,15,15,41,237.656,99,0,1,2,1,0,2,94,182,28,8,1,0,0.360491
0,0,0,1,5,6,3,179,26,9,30,237.656,99,0,1,0,0,0,0,56,171,19,2,0,0,0.0924533
0,0,0,1,5,2,3,118,13,18,50,237.656,99,0,0,1,1,0,0,98,178,31,2,0,0,0.277445
1,0,0,0,5,3,3,118,13,18,50,237.656,99,0,0,1,1,0,0,98,178,31,3,0,1,0.658505
0,0,0,1,5,3,3,118,10,10,37,237.656,99,0,0,0,0,0,0,83,172,28,1,0,0,0.151652
0,0,0,0,5,3,3,118,13,18,50,237.656,99,1,0,1,1,0,0,98,178,31,0,0,0,0.0133549
0,0,0,1,5,4,3,179,26,9,30,237.656,99,0,1,0,0,0,0,56,171,19,2,0,0,0.12028
0,0,0,0,5,4,3,378,49,11,36,237.656,99,1,0,2,0,1,4,65,174,21,0,0,0,0.0171099
0,1,0,0,5,6,3,179,22,17,40,237.656,99,0,1,2,0,1,0,63,170,22,1,0,0,0.332239
1,0,0,0,5,2,3,155,12,14,34,237.656,99,0,0,2,1,0,0,95,196,25,48,1,1,0.831744
1,0,0,0,5,2,3,235,16,8,32,237.656,99,0,1,0,0,0,0,75,178,25,8,1,1,0.704203
0,0,0,1,5,4,3,291,31,12,40,237.656,99,0,0,1,1,0,1,73,171,25,8,1,0,0.387843
1,0,0,0,5,4,3,179,22,17,40,237.656,99,0,1,2,0,1,0,63,170,22,8,1,1,0.672025
1,0,0,0,5,4,3,225,26,9,28,237.656,99,0,0,1,0,0,2,69,169,24,3,0,1,0.578936
1,0,0,0,5,5,3,330,16,4,28,237.656,99,0,1,0,0,0,0,84,182,25,8,1,1,0.830879
0,0,0,1,5,5,3,235,16,8,32,237.656,99,0,1,0,0,0,0,75,178,25,2,0,0,0.208344
0,0,0,1,5,5,3,291,31,12,40,237.656,99,0,0,1,1,0,1,73,171,25,2,0,0,0.353539
0,0,0,1,5,6,3,179,26,9,30,237.656,99,0,1,0,0,0,0,56,171,19,2,0,0,0.0924533
1,0,0,0,5,2,3,361,52,3,28,237.656,99,0,0,1,1,0,4,80,172,27,8,1,1,0.855875
0,0,0,1,5,4,3,155,12,14,34,237.656,99,0,0,2,1,0,0,95,196,25,2,0,0,0.387659
0,0,0,1,5,6,3,179,22,17,40,237.656,99,0,1,2,0,1,0,63,170,22,8,1,0,0.207865
1,0,0,0,5,6,3,155,12,14,34,237.656,99,0,0,2,1,0,0,95,196,25,8,1,1,0.732925
1,0,0,0,5,2,3,225,26,9,28,237.656,99,0,0,1,0,0,2,69,169,24,1,0,1,0.648549
1,0,0,0,6,4,3,118,15,24,46,275.089,96,0,0,2,1,1,0,75,175,25,8,1,1,0.680806
0,0,0,1,6,4,3,179,26,9,30,275.089,96,0,1,0,0,0,0,56,171,19,3,0,0,0.137403
0,0,0,1,6,6,3,118,10,10,37,275.089,96,0,0,0,0,0,0,83,172,28,8,1,0,0.118122
1,0,0,0,6,4,3,118,10,10,37,275.089,96,0,0,0,0,0,0,83,172,28,8,1,1,0.511214
0,0,0,1,6,5,3,378,49,11,36,275.089,96,0,0,2,0,1,4,65,174,21,8,1,0,0.300044
0,0,1,0,6,5,3,118,13,18,50,275.089,96,0,0,1,1,0,0,98,178,31,24,1,1,0.70437
0,0,1,0,6,6,3,233,51,1,31,275.089,96,0,1,1,1,0,8,68,178,21,8,1,0,0.38403
0,0,0,1,6,6,3,179,26,9,30,275.089,96,0,1,0,0,0,0,56,171,19,2,0,0,0.106093
0,0,0,0,6,2,3,235,29,12,48,275.089,96,1,0,1,0,1,5,88,163,33,0,0,0,0.0101305
0,0,0,0,6,2,3,268,11,8,33,275.089,96,1,1,0,0,0,0,79,178,25,0,0,0,0.029796
0,0,1,0,6,5,3,118,13,18,50,275.089,96,0,0,1,1,0,0,98,178,31,3,0,1,0.70437
1,0,0,0,6,5,3,179,26,9,30,275.089,96,0,1,0,0,0,0,56,171,19,2,0,0,0.444426
0,0,0,1,6,5,3,291,31,12,40,275.089,96,0,0,1,1,0,1,73,171,25,2,0,0,0.389179
1,0,0,0,6,2,1,179,26,9,30,275.089,96,0,1,0,0,0,0,56,171,19,3,0,1,0.646966
0,0,0,1,6,2,1,118,10,10,37,275.089,96,0,0,0,0,0,0,83,172,28,3,0,0,0.262259
0,0,0,1,6,5,1,233,51,1,31,275.089,96,0,1,1,1,0,8,68,178,21,8,1,0,0.113871
1,0,0,0,6,6,1,118,10,10,37,275.089,96,0,0,0,0,0,0,83,172,28,2,0,1,0.534484
1,0,0,0,6,4,1,118,10,10,37,275.089,96,0,0,0,0,0,0,83,172,28,3,0,1,0.606451
0,0,0,1,6,4,1,233,51,1,31,275.089,96,0,1,1,1,0,8,68,178,21,3,0,0,0.129581
0,0,0,1,7,4,1,235,20,13,43,264.604,93,0,0,1,1,0,0,106,167,38,4,1,1,0.69317
0,0,1,0,7,6,1,233,51,1,31,264.604,93,0,1,1,1,0,8,68,178,21,2,0,0,0.485237
1,0,0,0,7,2,1,228,14,16,58,264.604,93,0,0,2,0,0,1,65,172,22,8,1,1,0.751052
0,0,0,1,7,2,1,118,10,10,37,264.604,93,0,0,0,0,0,0,83,172,28,4,1,0,0.267292
1,0,0,0,7,3,1,228,14,16,58,264.604,93,0,0,2,0,0,1,65,172,22,120,1,1,0.722541
0,0,0,1,7,3,1,189,29,13,33,264.604,93,0,0,2,0,0,2,69,167,25,16,1,0,0.298287
0,0,0,1,7,4,1,118,10,10,37,264.604,93,0,0,0,0,0,0,83,172,28,2,0,0,0.213717
0,0,0,1,7,4,1,361,52,3,28,264.604,93,0,0,1,1,0,4,80,172,27,8,1,1,0.572586
0,0,0,1,7,4,1,225,26,9,28,264.604,93,0,0,1,0,0,2,69,169,24,8,1,0,0.293931
1,0,0,0,7,2,1,369,17,12,31,264.604,93,0,0,3,1,0,0,70,169,25,80,1,1,0.987099
1,0,0,0,7,3,1,289,36,13,33,264.604,93,0,0,2,1,0,1,90,172,30,8,1,1,0.942632
1,0,0,0,7,3,1,235,11,14,37,264.604,93,0,1,1,0,0,1,88,172,29,4,1,1,0.840159
0,0,0,0,0,3,1,118,14,13,40,271.219,95,0,0,1,1,0,8,98,170,34,0,0,0,0.183571
0,0,0,0,0,4,2,231,35,14,39,271.219,95,0,0,2,1,0,2,100,170,35,0,0,1,0.651702
0,0,0,0,0,6,3,179,45,14,53,271.219,95,0,0,1,0,0,1,77,175,25,0,0,0,0.106279
