Category_1,Category_2,Category_3,Category_4,Month of absence,Day of the week,Seasons,Transportation expense,Distance from Residence to Work,Service time,Age,Work load Average/day ,Hit target,Disciplinary failure,Education,Children,Social drinker,Social smoker,Pet,Weight,Height,Body mass index,Absenteeism time in hours,Excessive Absenteeism,Predictions,Probability
0.0,0.0,0.0,1.0,7.0,3,1,289.0,36.0,13.0,33.0,239.554,97.0,0.0,0.0,2.0,1.0,0.0,1.0,90.0,172.0,30.0,4.0,1,1,0.7234683983737397
0.0,0.0,0.0,0.0,7.0,3,1,118.0,13.0,18.0,50.0,239.554,97.0,1.0,0.0,1.0,1.0,0.0,0.0,98.0,178.0,31.0,0.0,0,0,0.021609360292248657
0.0,0.0,0.0,1.0,7.0,4,1,179.0,51.0,18.0,38.0,239.554,97.0,0.0,0.0,0.0,1.0,0.0,0.0,89.0,170.0,31.0,2.0,0,0,0.20506970531551605
1.0,0.0,0.0,0.0,7.0,5,1,279.0,5.0,14.0,39.0,239.554,97.0,0.0,0.0,2.0,1.0,1.0,0.0,68.0,168.0,24.0,4.0,1,1,0.9546695432691416
0.0,0.0,0.0,1.0,7.0,5,1,289.0,36.0,13.0,33.0,239.554,97.0,0.0,0.0,2.0,1.0,0.0,1.0,90.0,172.0,30.0,2.0,0,1,0.6609366112262729
0.0,0.0,0.0,1.0,7.0,6,1,260.0,50.0,11.0,36.0,239.554,97.0,0.0,0.0,4.0,1.0,0.0,0.0,65.0,168.0,23.0,4.0,1,1,0.7083148556670467
0.0,0.0,1.0,0.0,7.0,2,1,155.0,12.0,14.0,34.0,239.554,97.0,0.0,0.0,2.0,1.0,0.0,0.0,95.0,196.0,25.0,40.0,1,1,0.9198818063457675
0.0,0.0,0.0,1.0,7.0,2,1,235.0,11.0,14.0,37.0,239.554,97.0,0.0,1.0,1.0,0.0,0.0,1.0,88.0,172.0,29.0,8.0,1,0,0.49227049918362165
1.0,0.0,0.0,0.0,7.0,2,1,260.0,50.0,11.0,36.0,239.554,97.0,0.0,0.0,4.0,1.0,0.0,0.0,65.0,168.0,23.0,8.0,1,1,0.9621913177690148
1.0,0.0,0.0,0.0,7.0,3,1,260.0,50.0,11.0,36.0,239.554,97.0,0.0,0.0,4.0,1.0,0.0,0.0,65.0,168.0,23.0,8.0,1,1,0.9564593827265858
1.0,0.0,0.0,0.0,7.0,4,1,260.0,50.0,11.0,36.0,239.554,97.0,0.0,0.0,4.0,1.0,0.0,0.0,65.0,168.0,23.0,8.0,1,1,0.9499037086749066
1.0,0.0,0.0,0.0,7.0,4,1,179.0,51.0,18.0,38.0,239.554,97.0,0.0,0.0,0.0,1.0,0.0,0.0,89.0,170.0,31.0,1.0,0,1,0.6001366455667118
0.0,0.0,1.0,0.0,7.0,2,1,179.0,51.0,18.0,38.0,239.554,97.0,0.0,0.0,0.0,1.0,0.0,0.0,89.0,170.0,31.0,8.0,1,1,0.7414195116851967
1.0,0.0,0.0,0.0,7.0,5,1,189.0,29.0,13.0,33.0,239.554,97.0,0.0,0.0,2.0,0.0,0.0,2.0,69.0,167.0,25.0,8.0,1,1,0.6305755503415473
0.0,0.0,0.0,1.0,8.0,4,1,248.0,25.0,14.0,47.0,205.917,92.0,0.0,0.0,2.0,0.0,0.0,1.0,86.0,165.0,32.0,2.0,0,0,0.4357296710886799
1.0,0.0,0.0,0.0,8.0,2,1,179.0,51.0,18.0,38.0,205.917,92.0,0.0,0.0,0.0,1.0,0.0,0.0,89.0,170.0,31.0,1.0,0,1,0.6614875374537348
1.0,0.0,0.0,0.0,8.0,2,1,361.0,52.0,3.0,28.0,205.917,92.0,0.0,0.0,1.0,1.0,0.0,4.0,80.0,172.0,27.0,40.0,1,1,0.9038472743439598
0.0,0.0,0.0,1.0,8.0,6,1,260.0,50.0,11.0,36.0,205.917,92.0,0.0,0.0,4.0,1.0,0.0,0.0,65.0,168.0,23.0,4.0,1,1,0.702001815423468
0.0,0.0,0.0,1.0,8.0,2,1,361.0,52.0,3.0,28.0,205.917,92.0,0.0,0.0,1.0,1.0,0.0,4.0,80.0,172.0,27.0,7.0,1,1,0.6176967740546815
0.0,0.0,0.0,1.0,8.0,3,1,289.0,36.0,13.0,33.0,205.917,92.0,0.0,0.0,2.0,1.0,0.0,1.0,90.0,172.0,30.0,1.0,0,1,0.7173524562014959
0.0,0.0,1.0,0.0,8.0,4,1,289.0,36.0,13.0,33.0,205.917,92.0,0.0,0.0,2.0,1.0,0.0,1.0,90.0,172.0,30.0,8.0,1,1,0.9477593318403509
0.0,0.0,0.0,1.0,8.0,6,1,179.0,51.0,18.0,38.0,205.917,92.0,0.0,0.0,0.0,1.0,0.0,0.0,89.0,170.0,31.0,2.0,0,0,0.15715764213359382
0.0,0.0,1.0,0.0,8.0,2,1,179.0,51.0,18.0,38.0,205.917,92.0,0.0,0.0,0.0,1.0,0.0,0.0,89.0,170.0,31.0,8.0,1,1,0.7355554680764789
0.0,0.0,1.0,0.0,8.0,2,1,235.0,29.0,12.0,48.0,205.917,92.0,0.0,0.0,1.0,0.0,1.0,5.0,88.0,163.0,33.0,8.0,1,1,0.7381995205628958
0.0,0.0,0.0,1.0,8.0,2,1,179.0,51.0,18.0,38.0,205.917,92.0,0.0,0.0,0.0,1.0,0.0,0.0,89.0,170.0,31.0,2.0,0,0,0.25142837252893385
0.0,0.0,0.0,1.0,8.0,2,1,361.0,52.0,3.0,28.0,205.917,92.0,0.0,0.0,1.0,1.0,0.0,4.0,80.0,172.0,27.0,1.0,0,1,0.6176967740546815
0.0,0.0,0.0,1.0,8.0,3,1,289.0,36.0,13.0,33.0,205.917,92.0,0.0,0.0,2.0,1.0,0.0,1.0,90.0,172.0,30.0,8.0,1,1,0.7173524562014959
0.0,0.0,0.0,1.0,8.0,6,1,235.0,29.0,12.0,48.0,205.917,92.0,0.0,0.0,1.0,0.0,1.0,5.0,88.0,163.0,33.0,8.0,1,0,0.15897244699710675
0.0,0.0,0.0,1.0,8.0,6,1,260.0,50.0,11.0,36.0,205.917,92.0,0.0,0.0,4.0,1.0,0.0,0.0,65.0,168.0,23.0,4.0,1,1,0.702001815423468
0.0,0.0,0.0,1.0,9.0,3,1,184.0,42.0,7.0,27.0,241.476,92.0,0.0,0.0,0.0,0.0,0.0,0.0,58.0,167.0,21.0,2.0,0,0,0.21135544974994505
0.0,0.0,1.0,0.0,9.0,3,1,235.0,20.0,13.0,43.0,241.476,92.0,0.0,0.0,1.0,1.0,0.0,0.0,106.0,167.0,38.0,8.0,1,1,0.9572781410688711
0.0,0.0,0.0,1.0,9.0,4,1,155.0,12.0,14.0,34.0,241.476,92.0,0.0,0.0,2.0,1.0,0.0,0.0,95.0,196.0,25.0,2.0,0,1,0.5355068872201576
0.0,0.0,0.0,1.0,9.0,3,1,179.0,51.0,18.0,38.0,241.476,92.0,0.0,0.0,0.0,1.0,0.0,0.0,89.0,170.0,31.0,3.0,0,0,0.2501176051641102
0.0,0.0,0.0,1.0,9.0,5,1,291.0,31.0,12.0,40.0,241.476,92.0,0.0,0.0,1.0,1.0,0.0,1.0,73.0,171.0,25.0,4.0,1,0,0.4989781869145063
0.0,0.0,0.0,0.0,9.0,2,4,225.0,26.0,9.0,28.0,241.476,92.0,1.0,0.0,1.0,0.0,0.0,2.0,69.0,169.0,24.0,0.0,0,0,0.013018275751445313
0.0,0.0,0.0,0.0,9.0,3,4,289.0,36.0,13.0,33.0,241.476,92.0,1.0,0.0,2.0,1.0,0.0,1.0,90.0,172.0,30.0,0.0,0,0,0.06250670048294454
0.0,0.0,0.0,1.0,9.0,6,4,248.0,25.0,14.0,47.0,241.476,92.0,0.0,0.0,2.0,0.0,0.0,1.0,86.0,165.0,32.0,1.0,0,0,0.2701324429669344
0.0,0.0,0.0,1.0,9.0,6,4,179.0,51.0,18.0,38.0,241.476,92.0,0.0,0.0,0.0,1.0,0.0,0.0,89.0,170.0,31.0,3.0,0,0,0.10710025439031387
0.0,0.0,0.0,1.0,9.0,6,4,260.0,50.0,11.0,36.0,241.476,92.0,0.0,0.0,4.0,1.0,0.0,0.0,65.0,168.0,23.0,4.0,1,1,0.6024467011303551
0.0,0.0,0.0,1.0,10.0,3,4,179.0,51.0,18.0,38.0,253.465,93.0,0.0,0.0,0.0,1.0,0.0,0.0,89.0,170.0,31.0,3.0,0,0,0.16740538796566576
0.0,0.0,0.0,1.0,10.0,6,4,225.0,26.0,9.0,28.0,253.465,93.0,0.0,0.0,1.0,0.0,0.0,2.0,69.0,169.0,24.0,3.0,0,0,0.16198856480199814
0.0,0.0,0.0,1.0,10.0,3,4,118.0,10.0,10.0,37.0,253.465,93.0,0.0,0.0,0.0,0.0,0.0,0.0,83.0,172.0,28.0,3.0,0,0,0.1640480663690047
0.0,0.0,0.0,1.0,10.0,4,4,225.0,26.0,9.0,28.0,253.465,93.0,0.0,0.0,1.0,0.0,0.0,2.0,69.0,169.0,24.0,2.0,0,0,0.20599381605627098
0.0,0.0,0.0,1.0,10.0,4,4,248.0,25.0,14.0,47.0,253.465,93.0,0.0,0.0,2.0,0.0,0.0,1.0,86.0,165.0,32.0,2.0,0,0,0.34875852262105805
0.0,0.0,0.0,1.0,10.0,5,4,291.0,31.0,12.0,40.0,253.465,93.0,0.0,0.0,1.0,1.0,0.0,1.0,73.0,171.0,25.0,5.0,1,0,0.37513946476014093
0.0,0.0,0.0,1.0,10.0,4,4,179.0,51.0,18.0,38.0,253.465,93.0,0.0,0.0,0.0,1.0,0.0,0.0,89.0,170.0,31.0,8.0,1,0,0.14788847545308184
0.0,0.0,0.0,1.0,10.0,4,4,225.0,26.0,9.0,28.0,253.465,93.0,0.0,0.0,1.0,0.0,0.0,2.0,69.0,169.0,24.0,3.0,0,0,0.20599381605627098
1.0,0.0,0.0,0.0,10.0,3,4,291.0,31.0,12.0,40.0,253.465,93.0,0.0,0.0,1.0,1.0,0.0,1.0,73.0,171.0,25.0,8.0,1,1,0.8241859491082504
0.0,0.0,0.0,1.0,10.0,3,4,225.0,26.0,9.0,28.0,253.465,93.0,0.0,0.0,1.0,0.0,0.0,2.0,69.0,169.0,24.0,2.0,0,0,0.23109924565352546
0.0,0.0,0.0,1.0,11.0,5,4,179.0,51.0,18.0,38.0,306.345,93.0,0.0,0.0,0.0,1.0,0.0,0.0,89.0,170.0,31.0,1.0,0,0,0.15285720284636992
0.0,0.0,1.0,0.0,11.0,5,4,179.0,22.0,17.0,40.0,306.345,93.0,0.0,1.0,2.0,0.0,1.0,0.0,63.0,170.0,22.0,8.0,1,1,0.7689877711698849
0.0,0.0,0.0,1.0,11.0,2,4,189.0,29.0,13.0,33.0,306.345,93.0,0.0,0.0,2.0,0.0,0.0,2.0,69.0,167.0,25.0,8.0,1,0,0.2698879632112277
1.0,0.0,0.0,0.0,11.0,2,4,291.0,31.0,12.0,40.0,306.345,93.0,0.0,0.0,1.0,1.0,0.0,1.0,73.0,171.0,25.0,40.0,1,1,0.8673955003833351
0.0,0.0,0.0,1.0,11.0,4,4,225.0,26.0,9.0,28.0,306.345,93.0,0.0,0.0,1.0,0.0,0.0,2.0,69.0,169.0,24.0,1.0,0,0,0.23808254512019136
0.0,0.0,0.0,1.0,11.0,4,4,225.0,26.0,9.0,28.0,306.345,93.0,0.0,0.0,1.0,0.0,0.0,2.0,69.0,169.0,24.0,3.0,0,0,0.23808254512019136
1.0,0.0,0.0,0.0,11.0,6,4,225.0,26.0,9.0,28.0,306.345,93.0,0.0,0.0,1.0,0.0,0.0,2.0,69.0,169.0,24.0,3.0,0,1,0.5752874640085179
0.0,0.0,0.0,1.0,11.0,2,4,248.0,25.0,14.0,47.0,306.345,93.0,0.0,0.0,2.0,0.0,0.0,1.0,86.0,165.0,32.0,1.0,0,0,0.46400847904579284
0.0,0.0,0.0,1.0,11.0,3,4,225.0,26.0,9.0,28.0,306.345,93.0,0.0,0.0,1.0,0.0,0.0,2.0,69.0,169.0,24.0,3.0,0,0,0.2657896559970184
1.0,0.0,0.0,0.0,11.0,4,4,289.0,36.0,13.0,33.0,306.345,93.0,0.0,0.0,2.0,1.0,0.0,1.0,90.0,172.0,30.0,24.0,1,1,0.9141356402072719
0.0,0.0,0.0,1.0,11.0,5,4,291.0,31.0,12.0,40.0,306.345,93.0,0.0,0.0,1.0,1.0,0.0,1.0,73.0,171.0,25.0,3.0,0,0,0.41965098396016787
0.0,0.0,0.0,1.0,12.0,3,4,248.0,25.0,14.0,47.0,261.306,97.0,0.0,0.0,2.0,0.0,0.0,1.0,86.0,165.0,32.0,1.0,0,0,0.4073772343653794
0.0,0.0,0.0,1.0,12.0,4,4,235.0,11.0,14.0,37.0,261.306,97.0,0.0,1.0,1.0,0.0,0.0,1.0,88.0,172.0,29.0,8.0,1,0,0.35001256070765324
0.0,0.0,0.0,1.0,12.0,5,4,225.0,26.0,9.0,28.0,261.306,97.0,0.0,0.0,1.0,0.0,0.0,2.0,69.0,169.0,24.0,2.0,0,0,0.1987980274096666
0.0,0.0,0.0,1.0,12.0,6,4,260.0,50.0,11.0,36.0,261.306,97.0,0.0,0.0,4.0,1.0,0.0,0.0,65.0,168.0,23.0,8.0,1,1,0.6441474337314074
0.0,0.0,1.0,0.0,12.0,6,2,246.0,25.0,16.0,41.0,261.306,97.0,0.0,0.0,0.0,1.0,0.0,0.0,67.0,170.0,23.0,8.0,1,1,0.7628757250759775
0.0,0.0,0.0,1.0,1.0,4,2,225.0,26.0,9.0,28.0,308.593,95.0,0.0,0.0,1.0,0.0,0.0,2.0,69.0,169.0,24.0,2.0,0,0,0.22536783263783233
0.0,0.0,0.0,1.0,1.0,5,2,225.0,26.0,9.0,28.0,308.593,95.0,0.0,0.0,1.0,0.0,0.0,2.0,69.0,169.0,24.0,2.0,0,0,0.20072249554665675
0.0,0.0,0.0,1.0,1.0,6,2,225.0,26.0,9.0,28.0,308.593,95.0,0.0,0.0,1.0,0.0,0.0,2.0,69.0,169.0,24.0,1.0,0,0,0.17815244349354786
0.0,0.0,0.0,1.0,1.0,2,2,118.0,10.0,10.0,37.0,308.593,95.0,0.0,0.0,0.0,0.0,0.0,0.0,83.0,172.0,28.0,2.0,0,0,0.20315507101910407
0.0,0.0,0.0,1.0,1.0,3,2,225.0,26.0,9.0,28.0,308.593,95.0,0.0,0.0,1.0,0.0,0.0,2.0,69.0,169.0,24.0,2.0,0,0,0.25208481871193095
0.0,0.0,0.0,1.0,1.0,6,2,118.0,10.0,10.0,37.0,308.593,95.0,0.0,0.0,0.0,0.0,0.0,0.0,83.0,172.0,28.0,2.0,0,0,0.12398612030668518
0.0,0.0,1.0,0.0,1.0,3,2,289.0,36.0,13.0,33.0,308.593,95.0,0.0,0.0,2.0,1.0,0.0,1.0,90.0,172.0,30.0,8.0,1,1,0.9423491649630964
0.0,0.0,0.0,1.0,1.0,2,2,118.0,10.0,10.0,37.0,308.593,95.0,0.0,0.0,0.0,0.0,0.0,0.0,83.0,172.0,28.0,0.0,0,0,0.20315507101910407
0.0,0.0,0.0,1.0,1.0,3,2,225.0,26.0,9.0,28.0,308.593,95.0,0.0,0.0,1.0,0.0,0.0,2.0,69.0,169.0,24.0,1.0,0,0,0.25208481871193095
0.0,0.0,0.0,1.0,1.0,5,2,289.0,36.0,13.0,33.0,308.593,95.0,0.0,0.0,2.0,1.0,0.0,1.0,90.0,172.0,30.0,3.0,0,1,0.5952488353512547
1.0,0.0,0.0,0.0,2.0,4,2,246.0,25.0,16.0,41.0,302.585,99.0,0.0,0.0,0.0,1.0,0.0,0.0,67.0,170.0,23.0,8.0,1,1,0.6800676251041196
1.0,0.0,0.0,0.0,2.0,4,2,179.0,51.0,18.0,38.0,302.585,99.0,0.0,0.0,0.0,1.0,0.0,0.0,89.0,170.0,31.0,8.0,1,1,0.5359781996332298
0.0,0.0,0.0,1.0,2.0,5,2,155.0,12.0,14.0,34.0,302.585,99.0,0.0,0.0,2.0,1.0,0.0,0.0,95.0,196.0,25.0,2.0,0,0,0.40696533410832036
0.0,0.0,0.0,1.0,2.0,5,2,189.0,29.0,13.0,33.0,302.585,99.0,0.0,0.0,2.0,0.0,0.0,2.0,69.0,167.0,25.0,8.0,1,0,0.1842033509792321
0.0,0.0,0.0,1.0,2.0,6,2,260.0,50.0,11.0,36.0,302.585,99.0,0.0,0.0,4.0,1.0,0.0,0.0,65.0,168.0,23.0,2.0,0,1,0.6514323476979295
0.0,0.0,0.0,1.0,2.0,6,2,289.0,36.0,13.0,33.0,302.585,99.0,0.0,0.0,2.0,1.0,0.0,1.0,90.0,172.0,30.0,8.0,1,1,0.5642596219352242
1.0,0.0,0.0,0.0,2.0,2,2,388.0,15.0,9.0,50.0,302.585,99.0,0.0,0.0,0.0,0.0,0.0,0.0,76.0,178.0,24.0,8.0,1,1,0.8641072146532528
1.0,0.0,0.0,0.0,2.0,3,2,388.0,15.0,9.0,50.0,302.585,99.0,0.0,0.0,0.0,0.0,0.0,0.0,76.0,178.0,24.0,8.0,1,1,0.8458870636951886
0.0,0.0,0.0,1.0,2.0,3,2,225.0,26.0,9.0,28.0,302.585,99.0,0.0,0.0,1.0,0.0,0.0,2.0,69.0,169.0,24.0,2.0,0,0,0.2558535383525817
0.0,0.0,0.0,1.0,2.0,3,2,179.0,26.0,9.0,30.0,302.585,99.0,0.0,1.0,0.0,0.0,0.0,0.0,56.0,171.0,19.0,1.0,0,0,0.1659122556639338
0.0,0.0,0.0,1.0,2.0,3,2,184.0,42.0,7.0,27.0,302.585,99.0,0.0,0.0,0.0,0.0,0.0,0.0,58.0,167.0,21.0,8.0,1,0,0.15598165598498823
0.0,0.0,0.0,1.0,2.0,5,2,225.0,26.0,9.0,28.0,302.585,99.0,0.0,0.0,1.0,0.0,0.0,2.0,69.0,169.0,24.0,3.0,0,0,0.20393271367668683
0.0,0.0,1.0,0.0,2.0,2,2,330.0,16.0,4.0,28.0,302.585,99.0,0.0,1.0,0.0,0.0,0.0,0.0,84.0,182.0,25.0,8.0,1,1,0.9317633381060302
0.0,0.0,1.0,0.0,2.0,5,2,189.0,29.0,13.0,33.0,302.585,99.0,0.0,0.0,2.0,0.0,0.0,2.0,69.0,167.0,25.0,8.0,1,1,0.6515543098252564
0.0,0.0,0.0,1.0,3.0,3,2,291.0,50.0,12.0,32.0,343.253,95.0,0.0,0.0,0.0,1.0,0.0,0.0,65.0,169.0,23.0,2.0,0,0,0.37925171794708806
0.0,0.0,1.0,0.0,3.0,3,2,260.0,50.0,11.0,36.0,343.253,95.0,0.0,0.0,4.0,1.0,0.0,0.0,65.0,168.0,23.0,8.0,1,1,0.9659276516750378
0.0,0.0,1.0,0.0,3.0,3,2,157.0,27.0,6.0,29.0,343.253,95.0,0.0,0.0,0.0,1.0,1.0,0.0,75.0,185.0,22.0,3.0,0,1,0.8457796755334651
1.0,0.0,0.0,0.0,3.0,6,2,248.0,25.0,14.0,47.0,343.253,95.0,0.0,0.0,2.0,0.0,0.0,1.0,86.0,165.0,32.0,3.0,0,1,0.7577762594569634
1.0,0.0,0.0,0.0,3.0,6,2,260.0,50.0,11.0,36.0,343.253,95.0,0.0,0.0,4.0,1.0,0.0,0.0,65.0,168.0,23.0,40.0,1,1,0.9275834052017125
1.0,0.0,0.0,0.0,3.0,2,2,179.0,22.0,17.0,40.0,343.253,95.0,0.0,1.0,2.0,0.0,1.0,0.0,63.0,170.0,22.0,40.0,1,1,0.8027000950784141
1.0,0.0,0.0,0.0,3.0,2,2,155.0,12.0,14.0,34.0,343.253,95.0,0.0,0.0,2.0,1.0,0.0,0.0,95.0,196.0,25.0,16.0,1,1,0.8797084874673105
0.0,0.0,0.0,1.0,3.0,2,2,260.0,50.0,11.0,36.0,343.253,95.0,0.0,0.0,4.0,1.0,0.0,0.0,65.0,168.0,23.0,16.0,1,1,0.7986261893225515
1.0,0.0,0.0,0.0,3.0,3,2,155.0,12.0,14.0,34.0,343.253,95.0,0.0,0.0,2.0,1.0,0.0,0.0,95.0,196.0,25.0,8.0,1,1,0.8632490762641126
1.0,0.0,0.0,0.0,3.0,5,2,289.0,36.0,13.0,33.0,343.253,95.0,0.0,0.0,2.0,1.0,0.0,1.0,90.0,172.0,30.0,8.0,1,1,0.9113640040677653
1.0,0.0,0.0,0.0,3.0,5,2,179.0,22.0,17.0,40.0,343.253,95.0,0.0,1.0,2.0,0.0,1.0,0.0,63.0,170.0,22.0,8.0,1,1,0.7234950300312892
0.0,0.0,0.0,1.0,3.0,6,2,260.0,50.0,11.0,36.0,343.253,95.0,0.0,0.0,4.0,1.0,0.0,0.0,65.0,168.0,23.0,4.0,1,1,0.6876613014790246
0.0,0.0,0.0,1.0,3.0,6,2,225.0,26.0,9.0,28.0,343.253,95.0,0.0,0.0,1.0,0.0,0.0,2.0,69.0,169.0,24.0,1.0,0,0,0.20666326729604947
1.0,0.0,0.0,0.0,3.0,2,2,279.0,5.0,14.0,39.0,343.253,95.0,0.0,0.0,2.0,1.0,1.0,0.0,68.0,168.0,24.0,8.0,1,1,0.9674148880859665
1.0,0.0,0.0,0.0,3.0,3,2,179.0,51.0,18.0,38.0,343.253,95.0,0.0,0.0,0.0,1.0,0.0,0.0,89.0,170.0,31.0,24.0,1,1,0.611865234486572
0.0,0.0,0.0,1.0,3.0,4,2,225.0,26.0,9.0,28.0,343.253,95.0,0.0,0.0,1.0,0.0,0.0,2.0,69.0,169.0,24.0,2.0,0,0,0.2590530580263499
1.0,0.0,0.0,0.0,3.0,2,3,225.0,26.0,9.0,28.0,343.253,95.0,0.0,0.0,1.0,0.0,0.0,2.0,69.0,169.0,24.0,8.0,1,1,0.6922216397777348
1.0,0.0,0.0,0.0,3.0,2,3,179.0,26.0,9.0,30.0,343.253,95.0,0.0,1.0,0.0,0.0,0.0,0.0,56.0,171.0,19.0,1.0,0,1,0.5654422813742663
1.0,0.0,0.0,0.0,3.0,3,3,225.0,26.0,9.0,28.0,343.253,95.0,0.0,0.0,1.0,0.0,0.0,2.0,69.0,169.0,24.0,8.0,1,1,0.6600228011346474
1.0,0.0,0.0,0.0,3.0,4,3,225.0,26.0,9.0,28.0,343.253,95.0,0.0,0.0,1.0,0.0,0.0,2.0,69.0,169.0,24.0,16.0,1,1,0.6262740729318746
1.0,0.0,0.0,0.0,3.0,4,3,179.0,51.0,18.0,38.0,343.253,95.0,0.0,0.0,0.0,1.0,0.0,0.0,89.0,170.0,31.0,3.0,0,1,0.5285318473252014
1.0,0.0,0.0,0.0,3.0,5,3,279.0,5.0,14.0,39.0,343.253,95.0,0.0,0.0,2.0,1.0,1.0,0.0,68.0,168.0,24.0,16.0,1,1,0.9402290142784908
0.0,0.0,0.0,1.0,3.0,6,3,225.0,26.0,9.0,28.0,343.253,95.0,0.0,0.0,1.0,0.0,0.0,2.0,69.0,169.0,24.0,2.0,0,0,0.1766902199740422
1.0,0.0,0.0,0.0,3.0,6,3,248.0,25.0,14.0,47.0,343.253,95.0,0.0,0.0,2.0,0.0,0.0,1.0,86.0,165.0,32.0,3.0,0,1,0.720460874031177
0.0,0.0,0.0,1.0,3.0,2,3,225.0,26.0,9.0,28.0,343.253,95.0,0.0,0.0,1.0,0.0,0.0,2.0,69.0,169.0,24.0,1.0,0,0,0.2788018318061085
0.0,0.0,0.0,1.0,4.0,4,3,291.0,31.0,12.0,40.0,326.452,96.0,0.0,0.0,1.0,1.0,0.0,1.0,73.0,171.0,25.0,1.0,0,0,0.4354663144296375
0.0,0.0,0.0,1.0,4.0,4,3,225.0,26.0,9.0,28.0,326.452,96.0,0.0,0.0,1.0,0.0,0.0,2.0,69.0,169.0,24.0,1.0,0,0,0.22344059765604324
0.0,0.0,0.0,1.0,4.0,3,3,155.0,12.0,14.0,34.0,326.452,96.0,0.0,0.0,2.0,1.0,0.0,0.0,95.0,196.0,25.0,1.0,0,0,0.4717231210159106
1.0,0.0,0.0,0.0,4.0,4,3,246.0,25.0,16.0,41.0,326.452,96.0,0.0,0.0,0.0,1.0,0.0,0.0,67.0,170.0,23.0,24.0,1,1,0.6732932985641634
0.0,0.0,0.0,1.0,4.0,5,3,155.0,12.0,14.0,34.0,326.452,96.0,0.0,0.0,2.0,1.0,0.0,0.0,95.0,196.0,25.0,1.0,0,0,0.39951430836358437
0.0,0.0,0.0,1.0,4.0,6,3,225.0,26.0,9.0,28.0,326.452,96.0,0.0,0.0,1.0,0.0,0.0,2.0,69.0,169.0,24.0,2.0,0,0,0.17653695467278382
0.0,0.0,0.0,1.0,4.0,6,3,260.0,50.0,11.0,36.0,326.452,96.0,0.0,0.0,4.0,1.0,0.0,0.0,65.0,168.0,23.0,4.0,1,1,0.6443687622195459
1.0,0.0,0.0,0.0,4.0,4,3,179.0,51.0,18.0,38.0,326.452,96.0,0.0,0.0,0.0,1.0,0.0,0.0,89.0,170.0,31.0,24.0,1,1,0.5282692123258865
0.0,0.0,0.0,1.0,4.0,5,3,118.0,13.0,18.0,50.0,326.452,96.0,0.0,0.0,1.0,1.0,0.0,0.0,98.0,178.0,31.0,1.0,0,0,0.23116293891261297
0.0,0.0,0.0,1.0,4.0,6,3,291.0,31.0,12.0,40.0,326.452,96.0,0.0,0.0,1.0,1.0,0.0,1.0,73.0,171.0,25.0,3.0,0,0,0.3649731454812284
1.0,0.0,0.0,0.0,4.0,6,3,246.0,25.0,16.0,41.0,326.452,96.0,0.0,0.0,0.0,1.0,0.0,0.0,67.0,170.0,23.0,8.0,1,1,0.6056007718001949
0.0,0.0,0.0,1.0,4.0,6,3,291.0,31.0,12.0,40.0,326.452,96.0,0.0,0.0,1.0,1.0,0.0,1.0,73.0,171.0,25.0,1.0,0,0,0.3649731454812284
0.0,0.0,0.0,1.0,4.0,6,3,248.0,25.0,14.0,47.0,326.452,96.0,0.0,0.0,2.0,0.0,0.0,1.0,86.0,165.0,32.0,8.0,1,0,0.3067741413171233
0.0,0.0,1.0,0.0,4.0,6,3,260.0,50.0,11.0,36.0,326.452,96.0,0.0,0.0,4.0,1.0,0.0,0.0,65.0,168.0,23.0,56.0,1,1,0.9375193218294113
0.0,0.0,1.0,0.0,4.0,3,3,289.0,36.0,13.0,33.0,326.452,96.0,0.0,0.0,2.0,1.0,0.0,1.0,90.0,172.0,30.0,8.0,1,1,0.941744637804575
1.0,0.0,0.0,0.0,4.0,4,3,155.0,12.0,14.0,34.0,326.452,96.0,0.0,0.0,2.0,1.0,0.0,0.0,95.0,196.0,25.0,24.0,1,1,0.8176609946875522
0.0,0.0,1.0,0.0,4.0,4,3,378.0,49.0,11.0,36.0,326.452,96.0,0.0,0.0,2.0,0.0,1.0,4.0,65.0,174.0,21.0,8.0,1,1,0.8112412867343192
1.0,0.0,0.0,0.0,4.0,5,3,289.0,36.0,13.0,33.0,326.452,96.0,0.0,0.0,2.0,1.0,0.0,1.0,90.0,172.0,30.0,16.0,1,1,0.8943129037067261
1.0,0.0,0.0,0.0,4.0,6,3,235.0,11.0,14.0,37.0,326.452,96.0,0.0,1.0,1.0,0.0,0.0,1.0,88.0,172.0,29.0,3.0,0,1,0.7002859259644275
0.0,0.0,0.0,0.0,4.0,2,3,235.0,29.0,12.0,48.0,326.452,96.0,1.0,0.0,1.0,0.0,1.0,5.0,88.0,163.0,33.0,0.0,0,0,0.010581946775674828
1.0,0.0,0.0,0.0,5.0,4,3,289.0,36.0,13.0,33.0,378.884,92.0,0.0,0.0,2.0,1.0,0.0,1.0,90.0,172.0,30.0,8.0,1,1,0.9225653867448182
0.0,0.0,0.0,1.0,5.0,5,3,155.0,12.0,14.0,34.0,378.884,92.0,0.0,0.0,2.0,1.0,0.0,0.0,95.0,196.0,25.0,2.0,0,0,0.44708186732451827
0.0,0.0,0.0,1.0,5.0,2,3,155.0,12.0,14.0,34.0,378.884,92.0,0.0,0.0,2.0,1.0,0.0,0.0,95.0,196.0,25.0,1.0,0,1,0.5569821497305555
0.0,0.0,1.0,0.0,5.0,3,3,179.0,51.0,18.0,38.0,378.884,92.0,0.0,0.0,0.0,1.0,0.0,0.0,89.0,170.0,31.0,8.0,1,1,0.6917712696119214
0.0,0.0,1.0,0.0,5.0,3,3,225.0,26.0,9.0,28.0,378.884,92.0,0.0,0.0,1.0,0.0,0.0,2.0,69.0,169.0,24.0,8.0,1,1,0.7703745102207972
1.0,0.0,0.0,0.0,5.0,4,3,184.0,42.0,7.0,27.0,378.884,92.0,0.0,0.0,0.0,0.0,0.0,0.0,58.0,167.0,21.0,4.0,1,1,0.5223424460034592
0.0,0.0,0.0,1.0,5.0,2,3,155.0,12.0,14.0,34.0,378.884,92.0,0.0,0.0,2.0,1.0,0.0,0.0,95.0,196.0,25.0,2.0,0,1,0.5569821497305555
1.0,0.0,0.0,0.0,5.0,3,3,179.0,51.0,18.0,38.0,378.884,92.0,0.0,0.0,0.0,1.0,0.0,0.0,89.0,170.0,31.0,1.0,0,1,0.6119102584276264
1.0,0.0,0.0,0.0,5.0,4,3,289.0,36.0,13.0,33.0,378.884,92.0,0.0,0.0,2.0,1.0,0.0,1.0,90.0,172.0,30.0,24.0,1,1,0.9225653867448182
0.0,0.0,0.0,0.0,5.0,4,3,279.0,5.0,14.0,39.0,378.884,92.0,1.0,0.0,2.0,1.0,1.0,0.0,68.0,168.0,24.0,0.0,0,0,0.13442793507499914
0.0,0.0,0.0,0.0,5.0,4,3,330.0,16.0,4.0,28.0,378.884,92.0,1.0,1.0,0.0,0.0,0.0,0.0,84.0,182.0,25.0,0.0,0,0,0.05581736332819738
0.0,0.0,0.0,0.0,5.0,4,3,388.0,15.0,9.0,50.0,378.884,92.0,1.0,0.0,0.0,0.0,0.0,0.0,76.0,178.0,24.0,0.0,0,0,0.03770832614408559
1.0,0.0,0.0,0.0,5.0,3,3,179.0,51.0,18.0,38.0,378.884,92.0,0.0,0.0,0.0,1.0,0.0,0.0,89.0,170.0,31.0,1.0,0,1,0.6119102584276264
1.0,0.0,0.0,0.0,5.0,4,3,118.0,13.0,18.0,50.0,378.884,92.0,0.0,0.0,1.0,1.0,0.0,0.0,98.0,178.0,31.0,24.0,1,1,0.7112236049709849
0.0,0.0,0.0,1.0,6.0,2,3,361.0,52.0,3.0,28.0,377.55,94.0,0.0,0.0,1.0,1.0,0.0,4.0,80.0,172.0,27.0,8.0,1,1,0.6105663730987626
1.0,0.0,0.0,0.0,6.0,3,3,246.0,25.0,16.0,41.0,377.55,94.0,0.0,0.0,0.0,1.0,0.0,0.0,67.0,170.0,23.0,24.0,1,1,0.7507526367423524
0.0,0.0,0.0,1.0,6.0,5,3,291.0,31.0,12.0,40.0,377.55,94.0,0.0,0.0,1.0,1.0,0.0,1.0,73.0,171.0,25.0,4.0,1,0,0.45652721066285284
1.0,0.0,0.0,0.0,6.0,2,3,179.0,51.0,18.0,38.0,377.55,94.0,0.0,0.0,0.0,1.0,0.0,0.0,89.0,170.0,31.0,8.0,1,1,0.6547173357197171
0.0,0.0,0.0,1.0,6.0,2,3,155.0,12.0,14.0,34.0,377.55,94.0,0.0,0.0,2.0,1.0,0.0,0.0,95.0,196.0,25.0,4.0,1,1,0.566180367765152
1.0,0.0,0.0,0.0,6.0,2,3,246.0,25.0,16.0,41.0,377.55,94.0,0.0,0.0,0.0,1.0,0.0,0.0,67.0,170.0,23.0,8.0,1,1,0.77725845856611
1.0,0.0,0.0,0.0,6.0,4,3,118.0,13.0,18.0,50.0,377.55,94.0,0.0,0.0,1.0,1.0,0.0,0.0,98.0,178.0,31.0,8.0,1,1,0.7188359621016086
1.0,0.0,0.0,0.0,6.0,6,3,235.0,11.0,14.0,37.0,377.55,94.0,0.0,1.0,1.0,0.0,0.0,1.0,88.0,172.0,29.0,16.0,1,1,0.7466910289722815
0.0,0.0,0.0,1.0,6.0,3,3,118.0,13.0,18.0,50.0,377.55,94.0,0.0,0.0,1.0,1.0,0.0,0.0,98.0,178.0,31.0,1.0,0,0,0.3373527653226541
1.0,0.0,0.0,0.0,6.0,4,3,118.0,13.0,18.0,50.0,377.55,94.0,0.0,0.0,1.0,1.0,0.0,0.0,98.0,178.0,31.0,80.0,1,1,0.7188359621016086
0.0,0.0,0.0,1.0,6.0,5,3,378.0,49.0,11.0,36.0,377.55,94.0,0.0,0.0,2.0,0.0,1.0,4.0,65.0,174.0,21.0,8.0,1,0,0.3610854874648923
1.0,0.0,0.0,0.0,6.0,6,3,179.0,51.0,18.0,38.0,377.55,94.0,0.0,0.0,0.0,1.0,0.0,0.0,89.0,170.0,31.0,2.0,0,1,0.512826783633448
0.0,0.0,0.0,1.0,6.0,2,1,289.0,48.0,29.0,49.0,377.55,94.0,0.0,0.0,0.0,0.0,0.0,2.0,108.0,172.0,36.0,2.0,0,0,0.18057547343141198
0.0,0.0,0.0,1.0,6.0,5,1,225.0,26.0,9.0,28.0,377.55,94.0,0.0,0.0,1.0,0.0,0.0,2.0,69.0,169.0,24.0,2.0,0,0,0.31584750865680994
0.0,0.0,1.0,0.0,7.0,3,1,155.0,12.0,14.0,34.0,275.312,98.0,0.0,0.0,2.0,1.0,0.0,0.0,95.0,196.0,25.0,16.0,1,1,0.9157351218932519
1.0,0.0,0.0,0.0,7.0,4,1,118.0,13.0,18.0,50.0,275.312,98.0,0.0,0.0,1.0,1.0,0.0,0.0,98.0,178.0,31.0,8.0,1,1,0.7486265076534774
1.0,0.0,0.0,0.0,7.0,6,1,118.0,10.0,10.0,37.0,275.312,98.0,0.0,0.0,0.0,0.0,0.0,0.0,83.0,172.0,28.0,8.0,1,1,0.5447897906123954
0.0,0.0,0.0,1.0,7.0,6,1,118.0,10.0,10.0,37.0,275.312,98.0,0.0,0.0,0.0,0.0,0.0,0.0,83.0,172.0,28.0,4.0,1,0,0.17061169292843525
0.0,0.0,0.0,1.0,7.0,3,1,330.0,16.0,4.0,28.0,275.312,98.0,0.0,1.0,0.0,0.0,0.0,0.0,84.0,182.0,25.0,8.0,1,1,0.6697348375033954
0.0,0.0,1.0,0.0,7.0,5,1,179.0,26.0,9.0,30.0,275.312,98.0,0.0,1.0,0.0,0.0,0.0,0.0,56.0,171.0,19.0,8.0,1,1,0.6361946308348384
0.0,0.0,0.0,1.0,7.0,6,1,155.0,12.0,14.0,34.0,275.312,98.0,0.0,0.0,2.0,1.0,0.0,0.0,95.0,196.0,25.0,2.0,0,0,0.45769326920474174
1.0,0.0,0.0,0.0,7.0,2,1,330.0,16.0,4.0,28.0,275.312,98.0,0.0,1.0,0.0,0.0,0.0,0.0,84.0,182.0,25.0,8.0,1,1,0.931824259641725
1.0,0.0,0.0,0.0,7.0,3,1,330.0,16.0,4.0,28.0,275.312,98.0,0.0,1.0,0.0,0.0,0.0,0.0,84.0,182.0,25.0,8.0,1,1,0.9218624287396143
0.0,0.0,0.0,1.0,7.0,2,1,157.0,27.0,6.0,29.0,275.312,98.0,0.0,0.0,0.0,1.0,1.0,0.0,75.0,185.0,22.0,3.0,0,0,0.48129863990059124
0.0,0.0,0.0,1.0,7.0,3,1,361.0,52.0,3.0,28.0,275.312,98.0,0.0,0.0,1.0,1.0,0.0,4.0,80.0,172.0,27.0,8.0,1,1,0.6118673967864925
0.0,0.0,0.0,1.0,7.0,4,1,289.0,36.0,13.0,33.0,275.312,98.0,0.0,0.0,2.0,1.0,0.0,1.0,90.0,172.0,30.0,8.0,1,1,0.7123349679104529
0.0,0.0,0.0,1.0,7.0,5,1,179.0,51.0,18.0,38.0,275.312,98.0,0.0,0.0,0.0,1.0,0.0,0.0,89.0,170.0,31.0,8.0,1,0,0.1962522423591745
0.0,0.0,1.0,0.0,7.0,2,1,289.0,36.0,13.0,33.0,275.312,98.0,0.0,0.0,2.0,1.0,0.0,1.0,90.0,172.0,30.0,32.0,1,1,0.9649403578171183
0.0,0.0,1.0,0.0,7.0,5,1,289.0,36.0,13.0,33.0,275.312,98.0,0.0,0.0,2.0,1.0,0.0,1.0,90.0,172.0,30.0,8.0,1,1,0.9465270823265982
0.0,0.0,0.0,0.0,7.0,5,1,260.0,50.0,11.0,36.0,275.312,98.0,1.0,0.0,4.0,1.0,0.0,0.0,65.0,168.0,23.0,0.0,0,0,0.11188500787656123
0.0,0.0,1.0,0.0,8.0,6,1,289.0,36.0,13.0,33.0,265.615,94.0,0.0,0.0,2.0,1.0,0.0,1.0,90.0,172.0,30.0,8.0,1,1,0.9403064527264834
0.0,0.0,1.0,0.0,8.0,6,1,157.0,27.0,6.0,29.0,265.615,94.0,0.0,0.0,0.0,1.0,1.0,0.0,75.0,185.0,22.0,3.0,0,1,0.8147430658386442
0.0,0.0,0.0,1.0,8.0,2,1,289.0,36.0,13.0,33.0,265.615,94.0,0.0,0.0,2.0,1.0,0.0,1.0,90.0,172.0,30.0,1.0,0,1,0.774081094181698
0.0,0.0,1.0,0.0,8.0,3,1,228.0,14.0,16.0,58.0,265.615,94.0,0.0,0.0,2.0,0.0,0.0,1.0,65.0,172.0,22.0,8.0,1,1,0.7951544052993954
1.0,0.0,0.0,0.0,8.0,5,1,300.0,26.0,13.0,43.0,265.615,94.0,0.0,0.0,2.0,1.0,1.0,1.0,77.0,175.0,25.0,1.0,0,1,0.9363903188444962
1.0,0.0,0.0,0.0,8.0,5,1,300.0,26.0,13.0,43.0,265.615,94.0,0.0,0.0,2.0,1.0,1.0,1.0,77.0,175.0,25.0,2.0,0,1,0.9363903188444962
0.0,0.0,0.0,1.0,8.0,6,1,260.0,50.0,11.0,36.0,265.615,94.0,0.0,0.0,4.0,1.0,0.0,0.0,65.0,168.0,23.0,4.0,1,1,0.732991199625855
0.0,0.0,0.0,1.0,8.0,3,1,289.0,36.0,13.0,33.0,265.615,94.0,0.0,0.0,2.0,1.0,0.0,1.0,90.0,172.0,30.0,4.0,1,1,0.7473200891186459
0.0,0.0,0.0,1.0,8.0,4,1,248.0,25.0,14.0,47.0,265.615,94.0,0.0,0.0,2.0,0.0,0.0,1.0,86.0,165.0,32.0,1.0,0,0,0.47364745905214084
1.0,0.0,0.0,0.0,8.0,5,1,268.0,11.0,8.0,33.0,265.615,94.0,0.0,1.0,0.0,0.0,0.0,0.0,79.0,178.0,25.0,8.0,1,1,0.816687688560803
0.0,0.0,0.0,1.0,8.0,5,1,179.0,26.0,9.0,30.0,265.615,94.0,0.0,1.0,0.0,0.0,0.0,0.0,56.0,171.0,19.0,1.0,0,0,0.17878080228898893
1.0,0.0,0.0,0.0,8.0,5,1,118.0,13.0,18.0,50.0,265.615,94.0,0.0,0.0,1.0,1.0,0.0,0.0,98.0,178.0,31.0,3.0,0,1,0.7260469601152901
0.0,0.0,0.0,1.0,8.0,2,1,248.0,25.0,14.0,47.0,265.615,94.0,0.0,0.0,2.0,0.0,0.0,1.0,86.0,165.0,32.0,2.0,0,1,0.5470486392719733
0.0,0.0,0.0,1.0,8.0,3,1,235.0,11.0,14.0,37.0,265.615,94.0,0.0,1.0,1.0,0.0,0.0,1.0,88.0,172.0,29.0,1.0,0,0,0.48615039422814843
0.0,0.0,0.0,1.0,8.0,5,1,118.0,13.0,18.0,50.0,265.615,94.0,0.0,0.0,1.0,1.0,0.0,0.0,98.0,178.0,31.0,1.0,0,0,0.312967770419876
1.0,0.0,0.0,0.0,9.0,2,1,179.0,51.0,18.0,38.0,294.217,81.0,0.0,0.0,0.0,1.0,0.0,0.0,89.0,170.0,31.0,8.0,1,1,0.7266633263406523
0.0,0.0,0.0,1.0,9.0,6,1,179.0,51.0,18.0,38.0,294.217,81.0,0.0,0.0,0.0,1.0,0.0,0.0,89.0,170.0,31.0,3.0,0,0,0.20234503670777168
0.0,0.0,0.0,0.0,9.0,3,1,231.0,35.0,14.0,39.0,294.217,81.0,1.0,0.0,2.0,1.0,0.0,2.0,100.0,170.0,35.0,0.0,0,0,0.071180502783068
0.0,0.0,0.0,0.0,9.0,3,1,291.0,50.0,12.0,32.0,294.217,81.0,1.0,0.0,0.0,1.0,0.0,0.0,65.0,169.0,23.0,0.0,0,0,0.035047302159844154
1.0,0.0,0.0,0.0,9.0,4,1,179.0,51.0,18.0,38.0,294.217,81.0,0.0,0.0,0.0,1.0,0.0,0.0,89.0,170.0,31.0,8.0,1,1,0.664518988764661
1.0,0.0,0.0,0.0,9.0,4,1,246.0,25.0,16.0,41.0,294.217,81.0,0.0,0.0,0.0,1.0,0.0,0.0,67.0,170.0,23.0,32.0,1,1,0.7847252844228727
0.0,0.0,0.0,1.0,9.0,5,1,179.0,51.0,18.0,38.0,294.217,81.0,0.0,0.0,0.0,1.0,0.0,0.0,89.0,170.0,31.0,1.0,0,0,0.2271329813732362
0.0,0.0,0.0,1.0,9.0,6,1,291.0,31.0,12.0,40.0,294.217,81.0,0.0,0.0,1.0,1.0,0.0,1.0,73.0,171.0,25.0,4.0,1,1,0.5041141615970809
0.0,0.0,0.0,1.0,9.0,6,1,260.0,50.0,11.0,36.0,294.217,81.0,0.0,0.0,4.0,1.0,0.0,0.0,65.0,168.0,23.0,4.0,1,1,0.7621815761726335
0.0,0.0,0.0,1.0,9.0,4,4,235.0,20.0,13.0,43.0,294.217,81.0,0.0,0.0,1.0,1.0,0.0,0.0,106.0,167.0,38.0,8.0,1,1,0.6069696447928984
0.0,0.0,0.0,1.0,9.0,5,4,118.0,13.0,18.0,50.0,294.217,81.0,0.0,0.0,1.0,1.0,0.0,0.0,98.0,178.0,31.0,1.0,0,0,0.22920809130832692
0.0,0.0,0.0,0.0,9.0,5,4,235.0,20.0,13.0,43.0,294.217,81.0,1.0,0.0,1.0,1.0,0.0,0.0,106.0,167.0,38.0,0.0,0,0,0.05162898463179233
0.0,0.0,0.0,1.0,9.0,6,4,291.0,31.0,12.0,40.0,294.217,81.0,0.0,0.0,1.0,1.0,0.0,1.0,73.0,171.0,25.0,3.0,0,0,0.3624201322955835
1.0,0.0,0.0,0.0,9.0,2,4,291.0,31.0,12.0,40.0,294.217,81.0,0.0,0.0,1.0,1.0,0.0,1.0,73.0,171.0,25.0,40.0,1,1,0.8562621415110737
1.0,0.0,0.0,0.0,9.0,2,4,179.0,51.0,18.0,38.0,294.217,81.0,0.0,0.0,0.0,1.0,0.0,0.0,89.0,170.0,31.0,8.0,1,1,0.5978287992862501
0.0,0.0,0.0,1.0,10.0,2,4,289.0,36.0,13.0,33.0,265.017,88.0,0.0,0.0,2.0,1.0,0.0,1.0,90.0,172.0,30.0,8.0,1,1,0.6804475139258044
0.0,0.0,0.0,1.0,10.0,2,4,235.0,11.0,14.0,37.0,265.017,88.0,0.0,1.0,1.0,0.0,0.0,1.0,88.0,172.0,29.0,4.0,1,0,0.4051737104459372
0.0,0.0,0.0,1.0,10.0,2,4,289.0,36.0,13.0,33.0,265.017,88.0,0.0,0.0,2.0,1.0,0.0,1.0,90.0,172.0,30.0,8.0,1,1,0.6804475139258044
0.0,0.0,0.0,1.0,10.0,6,4,289.0,36.0,13.0,33.0,265.017,88.0,0.0,0.0,2.0,1.0,0.0,1.0,90.0,172.0,30.0,8.0,1,1,0.5417295433712019
0.0,0.0,0.0,0.0,10.0,6,4,118.0,13.0,18.0,50.0,265.017,88.0,1.0,0.0,1.0,1.0,0.0,0.0,98.0,178.0,31.0,0.0,0,0,0.009881044609148909
0.0,0.0,0.0,0.0,10.0,6,4,248.0,25.0,14.0,47.0,265.017,88.0,1.0,0.0,2.0,0.0,0.0,1.0,86.0,165.0,32.0,0.0,0,0,0.016731908125771827
1.0,0.0,0.0,0.0,10.0,2,4,179.0,26.0,9.0,30.0,265.017,88.0,0.0,1.0,0.0,0.0,0.0,0.0,56.0,171.0,19.0,8.0,1,1,0.5503362518669093
1.0,0.0,0.0,0.0,10.0,2,4,118.0,10.0,10.0,37.0,265.017,88.0,0.0,0.0,0.0,0.0,0.0,0.0,83.0,172.0,28.0,3.0,0,1,0.580050138350138
0.0,0.0,0.0,1.0,10.0,2,4,369.0,17.0,12.0,31.0,265.017,88.0,0.0,0.0,3.0,1.0,0.0,0.0,70.0,169.0,25.0,8.0,1,1,0.8953844718448953
0.0,0.0,0.0,1.0,10.0,4,4,179.0,51.0,18.0,38.0,265.017,88.0,0.0,0.0,0.0,1.0,0.0,0.0,89.0,170.0,31.0,1.0,0,0,0.15343141768646393
1.0,0.0,0.0,0.0,10.0,4,4,179.0,26.0,9.0,30.0,265.017,88.0,0.0,1.0,0.0,0.0,0.0,0.0,56.0,171.0,19.0,64.0,1,0,0.4769584517116435
0.0,0.0,0.0,0.0,10.0,4,4,235.0,20.0,13.0,43.0,265.017,88.0,1.0,0.0,1.0,1.0,0.0,0.0,106.0,167.0,38.0,0.0,0,0,0.0566419342287981
0.0,0.0,1.0,0.0,10.0,5,4,289.0,36.0,13.0,33.0,265.017,88.0,0.0,0.0,2.0,1.0,0.0,1.0,90.0,172.0,30.0,16.0,1,1,0.9189705183244334
0.0,0.0,0.0,0.0,10.0,6,4,235.0,20.0,13.0,43.0,265.017,88.0,1.0,0.0,1.0,1.0,0.0,0.0,106.0,167.0,38.0,0.0,0,0,0.042821186827378274
0.0,0.0,0.0,1.0,10.0,2,4,235.0,20.0,13.0,43.0,265.017,88.0,0.0,0.0,1.0,1.0,0.0,0.0,106.0,167.0,38.0,2.0,0,1,0.6636691973460161
0.0,0.0,0.0,1.0,10.0,2,4,235.0,20.0,13.0,43.0,265.017,88.0,0.0,0.0,1.0,1.0,0.0,0.0,106.0,167.0,38.0,2.0,0,1,0.6636691973460161
0.0,0.0,0.0,1.0,10.0,3,4,118.0,13.0,18.0,50.0,265.017,88.0,0.0,0.0,1.0,1.0,0.0,0.0,98.0,178.0,31.0,1.0,0,0,0.2753408814577358
0.0,0.0,0.0,1.0,10.0,3,4,291.0,31.0,12.0,40.0,265.017,88.0,0.0,0.0,1.0,1.0,0.0,1.0,73.0,171.0,25.0,4.0,1,0,0.4569448220361339
0.0,0.0,0.0,1.0,10.0,5,4,179.0,26.0,9.0,30.0,265.017,88.0,0.0,1.0,0.0,0.0,0.0,0.0,56.0,171.0,19.0,16.0,1,0,0.11917132774816355
0.0,0.0,0.0,1.0,10.0,5,4,118.0,13.0,18.0,50.0,265.017,88.0,0.0,0.0,1.0,1.0,0.0,0.0,98.0,178.0,31.0,1.0,0,0,0.22063798659782058
1.0,0.0,0.0,0.0,10.0,2,4,361.0,52.0,3.0,28.0,265.017,88.0,0.0,0.0,1.0,1.0,0.0,4.0,80.0,172.0,27.0,8.0,1,1,0.8719213491501748
0.0,0.0,0.0,0.0,10.0,3,4,260.0,50.0,11.0,36.0,265.017,88.0,1.0,0.0,4.0,1.0,0.0,0.0,65.0,168.0,23.0,0.0,0,0,0.09774351400149232
0.0,0.0,0.0,0.0,10.0,3,4,291.0,31.0,12.0,40.0,265.017,88.0,1.0,0.0,1.0,1.0,0.0,1.0,73.0,171.0,25.0,0.0,0,0,0.03322149435029406
1.0,0.0,0.0,0.0,10.0,4,4,179.0,26.0,9.0,30.0,265.017,88.0,0.0,1.0,0.0,0.0,0.0,0.0,56.0,171.0,19.0,5.0,1,0,0.4769584517116435
1.0,0.0,0.0,0.0,10.0,4,4,179.0,26.0,9.0,30.0,265.017,88.0,0.0,1.0,0.0,0.0,0.0,0.0,56.0,171.0,19.0,5.0,1,0,0.4769584517116435
0.0,0.0,0.0,1.0,10.0,5,4,118.0,13.0,18.0,50.0,265.017,88.0,0.0,0.0,1.0,1.0,0.0,0.0,98.0,178.0,31.0,1.0,0,0,0.22063798659782058
1.0,0.0,0.0,0.0,11.0,2,4,118.0,10.0,10.0,37.0,284.031,97.0,0.0,0.0,0.0,0.0,0.0,0.0,83.0,172.0,28.0,8.0,1,1,0.5978238628922253
0.0,0.0,0.0,1.0,11.0,2,4,248.0,25.0,14.0,47.0,284.031,97.0,0.0,0.0,2.0,0.0,0.0,1.0,86.0,165.0,32.0,2.0,0,0,0.4468289021238338
1.0,0.0,0.0,0.0,11.0,3,4,179.0,51.0,18.0,38.0,284.031,97.0,0.0,0.0,0.0,1.0,0.0,0.0,89.0,170.0,31.0,8.0,1,1,0.5679663500215062
0.0,0.0,0.0,1.0,11.0,6,4,260.0,50.0,11.0,36.0,284.031,97.0,0.0,0.0,4.0,1.0,0.0,0.0,65.0,168.0,23.0,3.0,0,1,0.6473948489850585
0.0,0.0,0.0,1.0,11.0,2,4,291.0,31.0,12.0,40.0,284.031,97.0,0.0,0.0,1.0,1.0,0.0,1.0,73.0,171.0,25.0,1.0,0,1,0.5119749513428051
1.0,0.0,0.0,0.0,11.0,2,4,378.0,49.0,11.0,36.0,284.031,97.0,0.0,0.0,2.0,0.0,1.0,4.0,65.0,174.0,21.0,8.0,1,1,0.8041636383273494
0.0,0.0,0.0,1.0,11.0,2,4,235.0,20.0,13.0,43.0,284.031,97.0,0.0,0.0,1.0,1.0,0.0,0.0,106.0,167.0,38.0,8.0,1,1,0.6798571554892961
0.0,0.0,0.0,0.0,11.0,3,4,330.0,16.0,4.0,28.0,284.031,97.0,1.0,1.0,0.0,0.0,0.0,0.0,84.0,182.0,25.0,0.0,0,0,0.05401859820169012
0.0,0.0,1.0,0.0,11.0,4,4,235.0,11.0,14.0,37.0,284.031,97.0,0.0,1.0,1.0,0.0,0.0,1.0,88.0,172.0,29.0,1.0,0,1,0.8189449236688515
1.0,0.0,0.0,0.0,11.0,4,4,118.0,10.0,10.0,37.0,284.031,97.0,0.0,0.0,0.0,0.0,0.0,0.0,83.0,172.0,28.0,3.0,0,1,0.5255141005145583
0.0,0.0,0.0,1.0,11.0,5,4,235.0,11.0,14.0,37.0,284.031,97.0,0.0,1.0,1.0,0.0,0.0,1.0,88.0,172.0,29.0,2.0,0,0,0.3204035067426411
0.0,0.0,0.0,1.0,11.0,5,4,179.0,51.0,18.0,38.0,284.031,97.0,0.0,0.0,0.0,1.0,0.0,0.0,89.0,170.0,31.0,3.0,0,0,0.14410059910620618
1.0,0.0,0.0,0.0,11.0,6,4,246.0,25.0,16.0,41.0,284.031,97.0,0.0,0.0,0.0,1.0,0.0,0.0,67.0,170.0,23.0,8.0,1,1,0.6087564438482381
1.0,0.0,0.0,0.0,11.0,6,4,291.0,31.0,12.0,40.0,284.031,97.0,0.0,0.0,1.0,1.0,0.0,1.0,73.0,171.0,25.0,4.0,1,1,0.772120940043084
1.0,0.0,0.0,0.0,11.0,2,4,246.0,25.0,16.0,41.0,284.031,97.0,0.0,0.0,0.0,1.0,0.0,0.0,67.0,170.0,23.0,8.0,1,1,0.7370340991458756
0.0,0.0,0.0,1.0,11.0,3,4,179.0,51.0,18.0,38.0,284.031,97.0,0.0,0.0,0.0,1.0,0.0,0.0,89.0,170.0,31.0,1.0,0,0,0.1843152578415487
1.0,0.0,0.0,0.0,11.0,4,4,260.0,50.0,11.0,36.0,284.031,97.0,0.0,0.0,4.0,1.0,0.0,0.0,65.0,168.0,23.0,8.0,1,1,0.9347959927629071
0.0,1.0,0.0,0.0,11.0,6,4,260.0,50.0,11.0,36.0,284.031,97.0,0.0,0.0,4.0,1.0,0.0,0.0,65.0,168.0,23.0,8.0,1,1,0.7768448111723019
0.0,0.0,0.0,0.0,11.0,6,4,378.0,49.0,11.0,36.0,284.031,97.0,1.0,0.0,2.0,0.0,1.0,4.0,65.0,174.0,21.0,0.0,0,0,0.015749660477241523
0.0,0.0,0.0,0.0,11.0,3,4,279.0,5.0,14.0,39.0,284.031,97.0,1.0,0.0,2.0,1.0,1.0,0.0,68.0,168.0,24.0,120.0,1,0,0.13044586686829002
0.0,0.0,0.0,1.0,11.0,5,4,179.0,51.0,18.0,38.0,284.031,97.0,0.0,0.0,0.0,1.0,0.0,0.0,89.0,170.0,31.0,1.0,0,0,0.14410059910620618
1.0,0.0,0.0,0.0,12.0,2,4,225.0,26.0,9.0,28.0,236.629,93.0,0.0,0.0,1.0,0.0,0.0,2.0,69.0,169.0,24.0,3.0,0,1,0.6799058059824845
0.0,0.0,0.0,1.0,12.0,2,4,179.0,51.0,18.0,38.0,236.629,93.0,0.0,0.0,0.0,1.0,0.0,0.0,89.0,170.0,31.0,2.0,0,0,0.1962949629435374
0.0,0.0,0.0,1.0,12.0,2,4,179.0,51.0,18.0,38.0,236.629,93.0,0.0,0.0,0.0,1.0,0.0,0.0,89.0,170.0,31.0,1.0,0,0,0.1962949629435374
0.0,0.0,0.0,1.0,12.0,2,4,235.0,11.0,14.0,37.0,236.629,93.0,0.0,1.0,1.0,0.0,0.0,1.0,88.0,172.0,29.0,3.0,0,0,0.4061532410833303
0.0,0.0,0.0,1.0,12.0,3,4,118.0,13.0,18.0,50.0,236.629,93.0,0.0,0.0,1.0,1.0,0.0,0.0,98.0,178.0,31.0,1.0,0,0,0.2761522539875394
0.0,0.0,0.0,1.0,12.0,6,4,260.0,50.0,11.0,36.0,236.629,93.0,0.0,0.0,4.0,1.0,0.0,0.0,65.0,168.0,23.0,4.0,1,1,0.6314037049414182
1.0,0.0,0.0,0.0,12.0,5,4,246.0,25.0,16.0,41.0,236.629,93.0,0.0,0.0,0.0,1.0,0.0,0.0,67.0,170.0,23.0,8.0,1,1,0.6271137153067272
0.0,0.0,0.0,1.0,12.0,5,4,179.0,51.0,18.0,38.0,236.629,93.0,0.0,0.0,0.0,1.0,0.0,0.0,89.0,170.0,31.0,1.0,0,0,0.13575491320039362
0.0,0.0,0.0,1.0,12.0,6,4,179.0,51.0,18.0,38.0,236.629,93.0,0.0,0.0,0.0,1.0,0.0,0.0,89.0,170.0,31.0,1.0,0,0,0.11939880129385953
0.0,0.0,0.0,1.0,12.0,3,4,179.0,26.0,9.0,30.0,236.629,93.0,0.0,1.0,0.0,0.0,0.0,0.0,56.0,171.0,19.0,1.0,0,0,0.15420719445902903
0.0,0.0,0.0,1.0,12.0,3,4,118.0,10.0,10.0,37.0,236.629,93.0,0.0,0.0,0.0,0.0,0.0,0.0,83.0,172.0,28.0,8.0,1,0,0.17065001707560395
0.0,0.0,0.0,1.0,12.0,6,4,179.0,51.0,18.0,38.0,236.629,93.0,0.0,0.0,0.0,1.0,0.0,0.0,89.0,170.0,31.0,1.0,0,0,0.11939880129385953
1.0,0.0,0.0,0.0,12.0,3,2,235.0,20.0,13.0,43.0,236.629,93.0,0.0,0.0,1.0,1.0,0.0,0.0,106.0,167.0,38.0,8.0,1,1,0.9361425712816683
1.0,0.0,0.0,0.0,12.0,3,2,235.0,11.0,14.0,37.0,236.629,93.0,0.0,1.0,1.0,0.0,0.0,1.0,88.0,172.0,29.0,4.0,1,1,0.8349981355599234
0.0,0.0,0.0,1.0,12.0,4,2,260.0,50.0,11.0,36.0,236.629,93.0,0.0,0.0,4.0,1.0,0.0,0.0,65.0,168.0,23.0,8.0,1,1,0.7720739873805058
0.0,0.0,0.0,1.0,12.0,2,2,157.0,27.0,6.0,29.0,236.629,93.0,0.0,0.0,0.0,1.0,1.0,0.0,75.0,185.0,22.0,2.0,0,0,0.46794255260023293
0.0,0.0,0.0,1.0,12.0,2,2,179.0,51.0,18.0,38.0,236.629,93.0,0.0,0.0,0.0,1.0,0.0,0.0,89.0,170.0,31.0,3.0,0,0,0.2646265402614239
0.0,0.0,1.0,0.0,12.0,2,2,289.0,36.0,13.0,33.0,236.629,93.0,0.0,0.0,2.0,1.0,0.0,1.0,90.0,172.0,30.0,8.0,1,1,0.9630823812180437
0.0,0.0,0.0,1.0,1.0,4,2,225.0,26.0,9.0,28.0,330.061,100.0,0.0,0.0,1.0,0.0,0.0,2.0,69.0,169.0,24.0,5.0,1,0,0.2331640273838936
0.0,0.0,1.0,0.0,1.0,2,2,118.0,10.0,10.0,37.0,330.061,100.0,0.0,0.0,0.0,0.0,0.0,0.0,83.0,172.0,28.0,32.0,1,1,0.6881396594186893
0.0,0.0,0.0,1.0,1.0,2,2,155.0,12.0,14.0,34.0,330.061,100.0,0.0,0.0,2.0,1.0,0.0,0.0,95.0,196.0,25.0,2.0,0,1,0.522260006871588
1.0,0.0,0.0,0.0,1.0,3,2,235.0,11.0,14.0,37.0,330.061,100.0,0.0,1.0,1.0,0.0,0.0,1.0,88.0,172.0,29.0,1.0,0,1,0.7933516388445857
0.0,0.0,0.0,1.0,1.0,3,2,155.0,12.0,14.0,34.0,330.061,100.0,0.0,0.0,2.0,1.0,0.0,0.0,95.0,196.0,25.0,4.0,1,0,0.4854961885663431
0.0,0.0,0.0,1.0,1.0,2,2,289.0,36.0,13.0,33.0,330.061,100.0,0.0,0.0,2.0,1.0,0.0,1.0,90.0,172.0,30.0,8.0,1,1,0.704999925470931
1.0,0.0,0.0,0.0,1.0,4,2,291.0,31.0,12.0,40.0,330.061,100.0,0.0,0.0,1.0,1.0,0.0,1.0,73.0,171.0,25.0,8.0,1,1,0.825858199781088
0.0,0.0,0.0,1.0,1.0,2,2,235.0,20.0,13.0,43.0,330.061,100.0,0.0,0.0,1.0,1.0,0.0,0.0,106.0,167.0,38.0,8.0,1,1,0.6889213961730702
0.0,0.0,0.0,1.0,1.0,2,2,118.0,13.0,18.0,50.0,330.061,100.0,0.0,0.0,1.0,1.0,0.0,0.0,98.0,178.0,31.0,4.0,1,0,0.33066739562441905
0.0,0.0,0.0,1.0,1.0,6,2,179.0,51.0,18.0,38.0,330.061,100.0,0.0,0.0,0.0,1.0,0.0,0.0,89.0,170.0,31.0,1.0,0,0,0.13160913272081542
0.0,0.0,0.0,1.0,2.0,3,2,118.0,10.0,10.0,37.0,251.818,96.0,0.0,0.0,0.0,0.0,0.0,0.0,83.0,172.0,28.0,2.0,0,0,0.16510340359877396
0.0,0.0,0.0,1.0,2.0,4,2,179.0,51.0,18.0,38.0,251.818,96.0,0.0,0.0,0.0,1.0,0.0,0.0,89.0,170.0,31.0,3.0,0,0,0.1488583679924032
1.0,0.0,0.0,0.0,2.0,4,2,225.0,26.0,9.0,28.0,251.818,96.0,0.0,0.0,1.0,0.0,0.0,2.0,69.0,169.0,24.0,1.0,0,1,0.6033323931024143
0.0,0.0,0.0,1.0,2.0,6,2,289.0,36.0,13.0,33.0,251.818,96.0,0.0,0.0,2.0,1.0,0.0,1.0,90.0,172.0,30.0,3.0,0,1,0.5328679467298305
0.0,0.0,0.0,1.0,2.0,6,2,179.0,51.0,18.0,38.0,251.818,96.0,0.0,0.0,0.0,1.0,0.0,0.0,89.0,170.0,31.0,3.0,0,0,0.11528643749328762
0.0,0.0,0.0,1.0,2.0,2,2,179.0,51.0,18.0,38.0,251.818,96.0,0.0,0.0,0.0,1.0,0.0,0.0,89.0,170.0,31.0,2.0,0,0,0.19010588036913748
0.0,0.0,0.0,1.0,2.0,4,2,179.0,51.0,18.0,38.0,251.818,96.0,0.0,0.0,0.0,1.0,0.0,0.0,89.0,170.0,31.0,3.0,0,0,0.1488583679924032
1.0,0.0,0.0,0.0,2.0,5,2,179.0,51.0,18.0,38.0,251.818,96.0,0.0,0.0,0.0,1.0,0.0,0.0,89.0,170.0,31.0,8.0,1,0,0.46760177904826694
0.0,0.0,0.0,1.0,2.0,5,2,246.0,25.0,16.0,41.0,251.818,96.0,0.0,0.0,0.0,1.0,0.0,0.0,67.0,170.0,23.0,8.0,1,0,0.21741525949395082
0.0,0.0,0.0,1.0,2.0,6,2,179.0,51.0,18.0,38.0,251.818,96.0,0.0,0.0,0.0,1.0,0.0,0.0,89.0,170.0,31.0,3.0,0,0,0.11528643749328762
0.0,0.0,0.0,1.0,2.0,2,2,179.0,51.0,18.0,38.0,251.818,96.0,0.0,0.0,0.0,1.0,0.0,0.0,89.0,170.0,31.0,3.0,0,0,0.19010588036913748
0.0,0.0,0.0,1.0,2.0,3,2,246.0,25.0,16.0,41.0,251.818,96.0,0.0,0.0,0.0,1.0,0.0,0.0,67.0,170.0,23.0,2.0,0,0,0.2715975874035185
0.0,0.0,0.0,1.0,2.0,3,2,291.0,31.0,12.0,40.0,251.818,96.0,0.0,0.0,1.0,1.0,0.0,1.0,73.0,171.0,25.0,2.0,0,0,0.4481139629270326
1.0,0.0,0.0,0.0,2.0,4,2,157.0,27.0,6.0,29.0,251.818,96.0,0.0,0.0,0.0,1.0,1.0,0.0,75.0,185.0,22.0,16.0,1,1,0.7132065374923273
0.0,0.0,0.0,1.0,2.0,4,2,179.0,51.0,18.0,38.0,251.818,96.0,0.0,0.0,0.0,1.0,0.0,0.0,89.0,170.0,31.0,3.0,0,0,0.1488583679924032
0.0,0.0,0.0,1.0,2.0,6,2,179.0,51.0,18.0,38.0,251.818,96.0,0.0,0.0,0.0,1.0,0.0,0.0,89.0,170.0,31.0,3.0,0,0,0.11528643749328762
1.0,0.0,0.0,0.0,2.0,6,2,246.0,25.0,16.0,41.0,251.818,96.0,0.0,0.0,0.0,1.0,0.0,0.0,67.0,170.0,23.0,24.0,1,1,0.5824929087948572
0.0,0.0,0.0,1.0,2.0,4,2,179.0,51.0,18.0,38.0,251.818,96.0,0.0,0.0,0.0,1.0,0.0,0.0,89.0,170.0,31.0,3.0,0,0,0.1488583679924032
0.0,0.0,0.0,1.0,2.0,6,2,179.0,51.0,18.0,38.0,251.818,96.0,0.0,0.0,0.0,1.0,0.0,0.0,89.0,170.0,31.0,3.0,0,0,0.11528643749328762
0.0,0.0,1.0,0.0,3.0,3,2,118.0,10.0,10.0,37.0,244.387,98.0,0.0,0.0,0.0,0.0,0.0,0.0,83.0,172.0,28.0,8.0,1,1,0.6258564815808538
0.0,0.0,1.0,0.0,3.0,4,2,246.0,25.0,16.0,41.0,244.387,98.0,0.0,0.0,0.0,1.0,0.0,0.0,67.0,170.0,23.0,16.0,1,1,0.7313641877519799
0.0,0.0,0.0,1.0,3.0,6,2,246.0,25.0,16.0,41.0,244.387,98.0,0.0,0.0,0.0,1.0,0.0,0.0,67.0,170.0,23.0,2.0,0,0,0.19675362978081723
0.0,0.0,0.0,1.0,3.0,6,2,260.0,50.0,11.0,36.0,244.387,98.0,0.0,0.0,4.0,1.0,0.0,0.0,65.0,168.0,23.0,4.0,1,1,0.6270891555534402
0.0,0.0,0.0,1.0,3.0,2,2,179.0,51.0,18.0,38.0,244.387,98.0,0.0,0.0,0.0,1.0,0.0,0.0,89.0,170.0,31.0,2.0,0,0,0.19339365320284294
0.0,0.0,0.0,1.0,3.0,2,2,235.0,11.0,14.0,37.0,244.387,98.0,0.0,1.0,1.0,0.0,0.0,1.0,88.0,172.0,29.0,8.0,1,0,0.40170045427868073
0.0,0.0,0.0,1.0,3.0,3,2,179.0,22.0,17.0,40.0,244.387,98.0,0.0,1.0,2.0,0.0,1.0,0.0,63.0,170.0,22.0,8.0,1,0,0.3155556919612359
0.0,0.0,0.0,1.0,3.0,2,2,179.0,51.0,18.0,38.0,244.387,98.0,0.0,0.0,0.0,1.0,0.0,0.0,89.0,170.0,31.0,16.0,1,0,0.19339365320284294
0.0,0.0,0.0,0.0,3.0,4,2,369.0,17.0,12.0,31.0,244.387,98.0,1.0,0.0,3.0,1.0,0.0,0.0,70.0,169.0,25.0,0.0,0,0,0.2042638568202481
0.0,0.0,1.0,0.0,3.0,5,2,235.0,11.0,14.0,37.0,244.387,98.0,0.0,1.0,1.0,0.0,0.0,1.0,88.0,172.0,29.0,8.0,1,1,0.7814654747960927
0.0,0.0,0.0,1.0,3.0,6,3,118.0,13.0,18.0,50.0,244.387,98.0,0.0,0.0,1.0,1.0,0.0,0.0,98.0,178.0,31.0,2.0,0,0,0.16557872452908257
1.0,0.0,0.0,0.0,3.0,3,3,118.0,13.0,18.0,50.0,244.387,98.0,0.0,0.0,1.0,1.0,0.0,0.0,98.0,178.0,31.0,3.0,0,1,0.6422259827447999
1.0,0.0,0.0,0.0,3.0,4,3,118.0,13.0,18.0,50.0,244.387,98.0,0.0,0.0,1.0,1.0,0.0,0.0,98.0,178.0,31.0,8.0,1,1,0.607760493272633
0.0,0.0,0.0,0.0,3.0,5,3,246.0,25.0,16.0,41.0,244.387,98.0,1.0,0.0,0.0,1.0,0.0,0.0,67.0,170.0,23.0,0.0,0,0,0.009457167243350516
0.0,0.0,0.0,0.0,3.0,5,3,118.0,13.0,18.0,50.0,244.387,98.0,1.0,0.0,1.0,1.0,0.0,0.0,98.0,178.0,31.0,0.0,0,0,0.00930103316419886
0.0,0.0,0.0,1.0,3.0,6,3,179.0,51.0,18.0,38.0,244.387,98.0,0.0,0.0,0.0,1.0,0.0,0.0,89.0,170.0,31.0,8.0,1,0,0.09881979819061687
0.0,0.0,0.0,1.0,3.0,6,3,289.0,36.0,13.0,33.0,244.387,98.0,0.0,0.0,2.0,1.0,0.0,1.0,90.0,172.0,30.0,8.0,1,0,0.4897760566387245
0.0,0.0,1.0,0.0,3.0,2,3,260.0,50.0,11.0,36.0,244.387,98.0,0.0,0.0,4.0,1.0,0.0,0.0,65.0,168.0,23.0,8.0,1,1,0.9538450426106768
0.0,0.0,0.0,1.0,3.0,3,3,246.0,25.0,16.0,41.0,244.387,98.0,0.0,0.0,0.0,1.0,0.0,0.0,67.0,170.0,23.0,2.0,0,0,0.2388317175215833
0.0,0.0,0.0,1.0,4.0,4,3,179.0,51.0,18.0,38.0,239.409,98.0,0.0,0.0,0.0,1.0,0.0,0.0,89.0,170.0,31.0,4.0,1,0,0.13200521125797582
0.0,0.0,0.0,1.0,4.0,6,3,260.0,50.0,11.0,36.0,239.409,98.0,0.0,0.0,4.0,1.0,0.0,0.0,65.0,168.0,23.0,3.0,0,1,0.588743605345657
0.0,0.0,0.0,1.0,4.0,6,3,330.0,16.0,4.0,28.0,239.409,98.0,0.0,1.0,0.0,0.0,0.0,0.0,84.0,182.0,25.0,4.0,1,0,0.41217157755989675
0.0,0.0,0.0,1.0,4.0,2,3,369.0,17.0,12.0,31.0,239.409,98.0,0.0,0.0,3.0,1.0,0.0,0.0,70.0,169.0,25.0,4.0,1,1,0.8777779774065984
0.0,0.0,0.0,1.0,4.0,2,3,248.0,25.0,14.0,47.0,239.409,98.0,0.0,0.0,2.0,0.0,0.0,1.0,86.0,165.0,32.0,4.0,1,0,0.3864343728955944
0.0,0.0,0.0,1.0,4.0,4,3,330.0,16.0,4.0,28.0,239.409,98.0,0.0,1.0,0.0,0.0,0.0,0.0,84.0,182.0,25.0,8.0,1,0,0.4848210423329977
0.0,0.0,0.0,1.0,4.0,4,3,179.0,51.0,18.0,38.0,239.409,98.0,0.0,0.0,0.0,1.0,0.0,0.0,89.0,170.0,31.0,8.0,1,0,0.13200521125797582
0.0,0.0,0.0,1.0,4.0,2,3,118.0,13.0,18.0,50.0,239.409,98.0,0.0,0.0,1.0,1.0,0.0,0.0,98.0,178.0,31.0,1.0,0,0,0.2697349415070319
1.0,0.0,0.0,0.0,4.0,4,3,118.0,13.0,18.0,50.0,239.409,98.0,0.0,0.0,1.0,1.0,0.0,0.0,98.0,178.0,31.0,120.0,1,1,0.6155518603449922
0.0,0.0,0.0,1.0,4.0,6,3,300.0,26.0,13.0,43.0,239.409,98.0,0.0,0.0,2.0,1.0,1.0,1.0,77.0,175.0,25.0,8.0,1,1,0.5324839663185241
0.0,0.0,0.0,1.0,4.0,6,3,260.0,50.0,11.0,36.0,239.409,98.0,0.0,0.0,4.0,1.0,0.0,0.0,65.0,168.0,23.0,4.0,1,1,0.588743605345657
0.0,0.0,0.0,1.0,4.0,2,3,179.0,51.0,18.0,38.0,239.409,98.0,0.0,0.0,0.0,1.0,0.0,0.0,89.0,170.0,31.0,4.0,1,0,0.16951289393158708
1.0,0.0,0.0,0.0,4.0,4,3,118.0,10.0,10.0,37.0,239.409,98.0,0.0,0.0,0.0,0.0,0.0,0.0,83.0,172.0,28.0,2.0,0,0,0.4633935034046036
1.0,0.0,0.0,0.0,5.0,2,3,235.0,20.0,13.0,43.0,246.074,99.0,0.0,0.0,1.0,1.0,0.0,0.0,106.0,167.0,38.0,16.0,1,1,0.9110327604583511
0.0,0.0,0.0,1.0,5.0,4,3,248.0,25.0,14.0,47.0,246.074,99.0,0.0,0.0,2.0,0.0,0.0,1.0,86.0,165.0,32.0,2.0,0,0,0.3328115207841067
1.0,0.0,0.0,0.0,5.0,2,3,369.0,17.0,12.0,31.0,246.074,99.0,0.0,0.0,3.0,1.0,0.0,0.0,70.0,169.0,25.0,8.0,1,1,0.9779809723107873
0.0,0.0,0.0,1.0,5.0,4,3,179.0,26.0,9.0,30.0,246.074,99.0,0.0,1.0,0.0,0.0,0.0,0.0,56.0,171.0,19.0,3.0,0,0,0.12265901538033903
0.0,0.0,0.0,1.0,5.0,4,3,179.0,51.0,18.0,38.0,246.074,99.0,0.0,0.0,0.0,1.0,0.0,0.0,89.0,170.0,31.0,4.0,1,0,0.13916357168936822
0.0,0.0,0.0,1.0,5.0,5,3,361.0,52.0,3.0,28.0,246.074,99.0,0.0,0.0,1.0,1.0,0.0,4.0,80.0,172.0,27.0,1.0,0,0,0.4016505310557769
0.0,0.0,0.0,1.0,5.0,6,3,260.0,50.0,11.0,36.0,246.074,99.0,0.0,0.0,4.0,1.0,0.0,0.0,65.0,168.0,23.0,3.0,0,1,0.6034506461727513
1.0,0.0,0.0,0.0,5.0,2,3,179.0,22.0,17.0,40.0,246.074,99.0,0.0,1.0,2.0,0.0,1.0,0.0,63.0,170.0,22.0,2.0,0,1,0.7376735635580144
1.0,0.0,0.0,0.0,5.0,2,3,179.0,22.0,17.0,40.0,246.074,99.0,0.0,1.0,2.0,0.0,1.0,0.0,63.0,170.0,22.0,3.0,0,1,0.7376735635580144
0.0,0.0,1.0,0.0,5.0,4,3,228.0,14.0,16.0,58.0,246.074,99.0,0.0,0.0,2.0,0.0,0.0,1.0,65.0,172.0,22.0,8.0,1,1,0.6500277162256008
0.0,0.0,0.0,1.0,5.0,4,3,225.0,26.0,9.0,28.0,246.074,99.0,0.0,0.0,1.0,0.0,0.0,2.0,69.0,169.0,24.0,3.0,0,0,0.19462386444894308
1.0,0.0,0.0,0.0,5.0,6,3,330.0,16.0,4.0,28.0,246.074,99.0,0.0,1.0,0.0,0.0,0.0,0.0,84.0,182.0,25.0,8.0,1,1,0.812606059460643
0.0,0.0,0.0,1.0,5.0,2,3,179.0,26.0,9.0,30.0,246.074,99.0,0.0,1.0,0.0,0.0,0.0,0.0,56.0,171.0,19.0,2.0,0,0,0.15799446978414972
0.0,0.0,0.0,1.0,5.0,2,3,118.0,10.0,10.0,37.0,246.074,99.0,0.0,0.0,0.0,0.0,0.0,0.0,83.0,172.0,28.0,1.0,0,0,0.1747576830846204
1.0,0.0,0.0,0.0,5.0,2,3,235.0,11.0,14.0,37.0,246.074,99.0,0.0,1.0,1.0,0.0,0.0,1.0,88.0,172.0,29.0,8.0,1,1,0.7794851342884574
0.0,0.0,0.0,1.0,5.0,4,3,179.0,26.0,9.0,30.0,246.074,99.0,0.0,1.0,0.0,0.0,0.0,0.0,56.0,171.0,19.0,3.0,0,0,0.12265901538033903
0.0,0.0,0.0,1.0,6.0,2,3,118.0,10.0,10.0,37.0,253.957,95.0,0.0,0.0,0.0,0.0,0.0,0.0,83.0,172.0,28.0,3.0,0,0,0.18614861005575106
0.0,0.0,0.0,1.0,6.0,2,3,179.0,51.0,18.0,38.0,253.957,95.0,0.0,0.0,0.0,1.0,0.0,0.0,89.0,170.0,31.0,3.0,0,0,0.18985550701642398
0.0,0.0,0.0,1.0,6.0,3,3,118.0,10.0,10.0,37.0,253.957,95.0,0.0,0.0,0.0,0.0,0.0,0.0,83.0,172.0,28.0,2.0,0,0,0.16487925534069237
0.0,0.0,0.0,1.0,6.0,5,3,225.0,26.0,9.0,28.0,253.957,95.0,0.0,0.0,1.0,0.0,0.0,2.0,69.0,169.0,24.0,4.0,1,0,0.18387268068885096
0.0,0.0,0.0,1.0,6.0,6,3,260.0,50.0,11.0,36.0,253.957,95.0,0.0,0.0,4.0,1.0,0.0,0.0,65.0,168.0,23.0,4.0,1,1,0.621732429061728
0.0,0.0,0.0,0.0,6.0,6,3,179.0,51.0,18.0,38.0,253.957,95.0,1.0,0.0,0.0,1.0,0.0,0.0,89.0,170.0,31.0,0.0,0,0,0.005284939420683626
1.0,0.0,0.0,0.0,6.0,2,3,291.0,31.0,12.0,40.0,253.957,95.0,0.0,0.0,1.0,1.0,0.0,1.0,73.0,171.0,25.0,40.0,1,1,0.8452927582048613
0.0,0.0,0.0,1.0,6.0,2,3,179.0,51.0,18.0,38.0,253.957,95.0,0.0,0.0,0.0,1.0,0.0,0.0,89.0,170.0,31.0,24.0,1,0,0.18985550701642398
0.0,0.0,0.0,1.0,6.0,3,3,246.0,25.0,16.0,41.0,253.957,95.0,0.0,0.0,0.0,1.0,0.0,0.0,67.0,170.0,23.0,3.0,0,0,0.27127583696465934
0.0,0.0,0.0,1.0,6.0,2,3,179.0,51.0,18.0,38.0,253.957,95.0,0.0,0.0,0.0,1.0,0.0,0.0,89.0,170.0,31.0,4.0,1,0,0.18985550701642398
0.0,0.0,0.0,1.0,6.0,3,3,235.0,20.0,13.0,43.0,253.957,95.0,0.0,0.0,1.0,1.0,0.0,0.0,106.0,167.0,38.0,8.0,1,1,0.621350764832848
0.0,0.0,0.0,1.0,6.0,2,1,179.0,51.0,18.0,38.0,253.957,95.0,0.0,0.0,0.0,1.0,0.0,0.0,89.0,170.0,31.0,2.0,0,0,0.25666132228673166
0.0,0.0,0.0,1.0,6.0,4,1,225.0,26.0,9.0,28.0,253.957,95.0,0.0,0.0,1.0,0.0,0.0,2.0,69.0,169.0,24.0,2.0,0,0,0.2777517087676208
0.0,0.0,0.0,1.0,6.0,4,1,118.0,13.0,18.0,50.0,253.957,95.0,0.0,0.0,1.0,1.0,0.0,0.0,98.0,178.0,31.0,2.0,0,0,0.31766147437560627
1.0,0.0,0.0,0.0,6.0,4,1,179.0,51.0,18.0,38.0,253.957,95.0,0.0,0.0,0.0,1.0,0.0,0.0,89.0,170.0,31.0,8.0,1,1,0.5994763524530583
0.0,0.0,1.0,0.0,6.0,4,1,179.0,26.0,9.0,30.0,253.957,95.0,0.0,1.0,0.0,0.0,0.0,0.0,56.0,171.0,19.0,2.0,0,1,0.6481950966013067
0.0,0.0,0.0,1.0,6.0,6,1,246.0,25.0,16.0,41.0,253.957,95.0,0.0,0.0,0.0,1.0,0.0,0.0,67.0,170.0,23.0,2.0,0,0,0.26076514061392575
1.0,0.0,0.0,0.0,6.0,3,1,330.0,16.0,4.0,28.0,253.957,95.0,0.0,1.0,0.0,0.0,0.0,0.0,84.0,182.0,25.0,1.0,0,1,0.9147469818716043
1.0,0.0,0.0,0.0,6.0,3,1,235.0,11.0,14.0,37.0,253.957,95.0,0.0,1.0,1.0,0.0,0.0,1.0,88.0,172.0,29.0,8.0,1,1,0.8292239600567664
0.0,0.0,0.0,1.0,7.0,5,1,179.0,26.0,9.0,30.0,230.29,92.0,0.0,1.0,0.0,0.0,0.0,0.0,56.0,171.0,19.0,2.0,0,0,0.15988655964950554
0.0,0.0,0.0,1.0,7.0,5,1,225.0,26.0,9.0,28.0,230.29,92.0,0.0,0.0,1.0,0.0,0.0,2.0,69.0,169.0,24.0,4.0,1,0,0.24753070830364968
1.0,0.0,0.0,0.0,7.0,6,1,260.0,50.0,11.0,36.0,230.29,92.0,0.0,0.0,4.0,1.0,0.0,0.0,65.0,168.0,23.0,8.0,1,1,0.9331645712926316
1.0,0.0,0.0,0.0,7.0,2,1,268.0,11.0,8.0,33.0,230.29,92.0,0.0,1.0,0.0,0.0,0.0,0.0,79.0,178.0,25.0,8.0,1,1,0.8582723231912526
0.0,0.0,0.0,1.0,7.0,6,1,330.0,16.0,4.0,28.0,230.29,92.0,0.0,1.0,0.0,0.0,0.0,0.0,84.0,182.0,25.0,8.0,1,1,0.5403222344220308
0.0,0.0,0.0,1.0,7.0,6,1,118.0,10.0,10.0,37.0,230.29,92.0,0.0,0.0,0.0,0.0,0.0,0.0,83.0,172.0,28.0,8.0,1,0,0.15640113965155064
0.0,0.0,0.0,1.0,7.0,2,1,260.0,50.0,11.0,36.0,230.29,92.0,0.0,0.0,4.0,1.0,0.0,0.0,65.0,168.0,23.0,4.0,1,1,0.8121331878469281
0.0,0.0,0.0,1.0,7.0,3,1,118.0,10.0,10.0,37.0,230.29,92.0,0.0,0.0,0.0,0.0,0.0,0.0,83.0,172.0,28.0,8.0,1,0,0.22376452819286619
0.0,1.0,0.0,0.0,7.0,2,1,300.0,26.0,13.0,43.0,230.29,92.0,0.0,0.0,2.0,1.0,1.0,1.0,77.0,175.0,25.0,8.0,1,1,0.8670405956013026
0.0,0.0,0.0,1.0,7.0,2,1,235.0,29.0,12.0,48.0,230.29,92.0,0.0,0.0,1.0,0.0,1.0,5.0,88.0,163.0,33.0,1.0,0,0,0.25753673319924714
0.0,0.0,0.0,1.0,7.0,3,1,246.0,25.0,16.0,41.0,230.29,92.0,0.0,0.0,0.0,1.0,0.0,0.0,67.0,170.0,23.0,2.0,0,0,0.35213724759475673
1.0,0.0,0.0,0.0,7.0,3,1,225.0,26.0,9.0,28.0,230.29,92.0,0.0,0.0,1.0,0.0,0.0,2.0,69.0,169.0,24.0,112.0,1,1,0.7197807546973622
0.0,0.0,0.0,1.0,7.0,3,1,179.0,51.0,18.0,38.0,230.29,92.0,0.0,0.0,0.0,1.0,0.0,0.0,89.0,170.0,31.0,1.0,0,0,0.2280106338094117
0.0,0.0,0.0,1.0,7.0,6,1,118.0,13.0,18.0,50.0,230.29,92.0,0.0,0.0,1.0,1.0,0.0,0.0,98.0,178.0,31.0,1.0,0,0,0.25581136374314234
0.0,0.0,0.0,1.0,7.0,6,1,361.0,52.0,3.0,28.0,230.29,92.0,0.0,0.0,1.0,1.0,0.0,4.0,80.0,172.0,27.0,8.0,1,0,0.4774708871336497
0.0,0.0,0.0,1.0,7.0,2,1,289.0,36.0,13.0,33.0,230.29,92.0,0.0,0.0,2.0,1.0,0.0,1.0,90.0,172.0,30.0,8.0,1,1,0.7497084081064498
0.0,0.0,0.0,1.0,7.0,2,1,235.0,20.0,13.0,43.0,230.29,92.0,0.0,0.0,1.0,1.0,0.0,0.0,106.0,167.0,38.0,8.0,1,1,0.7351512209395517
0.0,0.0,0.0,1.0,7.0,3,1,246.0,25.0,16.0,41.0,230.29,92.0,0.0,0.0,0.0,1.0,0.0,0.0,67.0,170.0,23.0,2.0,0,0,0.35213724759475673
0.0,0.0,0.0,1.0,7.0,5,1,291.0,31.0,12.0,40.0,230.29,92.0,0.0,0.0,1.0,1.0,0.0,1.0,73.0,171.0,25.0,1.0,0,0,0.4686211414679352
0.0,0.0,0.0,1.0,7.0,5,1,279.0,5.0,14.0,39.0,230.29,92.0,0.0,0.0,2.0,1.0,1.0,0.0,68.0,168.0,24.0,2.0,0,1,0.7815364581855986
0.0,0.0,0.0,1.0,8.0,5,1,179.0,51.0,18.0,38.0,249.797,93.0,0.0,0.0,0.0,1.0,0.0,0.0,89.0,170.0,31.0,4.0,1,0,0.19485906142930745
0.0,0.0,0.0,1.0,8.0,2,1,179.0,22.0,17.0,40.0,249.797,93.0,0.0,1.0,2.0,0.0,1.0,0.0,63.0,170.0,22.0,1.0,0,0,0.4560181892924053
0.0,0.0,0.0,1.0,8.0,3,1,246.0,25.0,16.0,41.0,249.797,93.0,0.0,0.0,0.0,1.0,0.0,0.0,67.0,170.0,23.0,4.0,1,0,0.37412533792299096
0.0,0.0,0.0,1.0,8.0,3,1,118.0,10.0,10.0,37.0,249.797,93.0,0.0,0.0,0.0,0.0,0.0,0.0,83.0,172.0,28.0,4.0,1,0,0.240715093473899
0.0,0.0,0.0,1.0,8.0,3,1,289.0,36.0,13.0,33.0,249.797,93.0,0.0,0.0,2.0,1.0,0.0,1.0,90.0,172.0,30.0,8.0,1,1,0.739818589963083
0.0,0.0,0.0,1.0,8.0,3,1,235.0,20.0,13.0,43.0,249.797,93.0,0.0,0.0,1.0,1.0,0.0,0.0,106.0,167.0,38.0,8.0,1,1,0.7248972697794457
0.0,0.0,0.0,1.0,8.0,5,1,291.0,31.0,12.0,40.0,249.797,93.0,0.0,0.0,1.0,1.0,0.0,1.0,73.0,171.0,25.0,4.0,1,0,0.492355094930971
0.0,0.0,0.0,1.0,8.0,2,1,179.0,51.0,18.0,38.0,249.797,93.0,0.0,0.0,0.0,1.0,0.0,0.0,89.0,170.0,31.0,4.0,1,0,0.2734180262714099
0.0,0.0,0.0,1.0,8.0,3,1,179.0,22.0,17.0,40.0,249.797,93.0,0.0,1.0,2.0,0.0,1.0,0.0,63.0,170.0,22.0,8.0,1,0,0.4198197051040766
0.0,0.0,0.0,1.0,8.0,5,1,330.0,16.0,4.0,28.0,249.797,93.0,0.0,1.0,0.0,0.0,0.0,0.0,84.0,182.0,25.0,16.0,1,1,0.5996168756687817
0.0,0.0,0.0,1.0,8.0,3,1,235.0,11.0,14.0,37.0,249.797,93.0,0.0,1.0,1.0,0.0,0.0,1.0,88.0,172.0,29.0,4.0,1,0,0.47632851214839944
0.0,0.0,0.0,1.0,8.0,3,1,246.0,25.0,16.0,41.0,249.797,93.0,0.0,0.0,0.0,1.0,0.0,0.0,67.0,170.0,23.0,1.0,0,0,0.37412533792299096
0.0,0.0,0.0,1.0,8.0,3,1,118.0,10.0,10.0,37.0,249.797,93.0,0.0,0.0,0.0,0.0,0.0,0.0,83.0,172.0,28.0,5.0,1,0,0.240715093473899
0.0,0.0,0.0,1.0,8.0,5,1,291.0,31.0,12.0,40.0,249.797,93.0,0.0,0.0,1.0,1.0,0.0,1.0,73.0,171.0,25.0,2.0,0,0,0.492355094930971
0.0,0.0,0.0,1.0,8.0,2,1,260.0,50.0,11.0,36.0,249.797,93.0,0.0,0.0,4.0,1.0,0.0,0.0,65.0,168.0,23.0,3.0,0,1,0.826214075518767
0.0,0.0,0.0,1.0,9.0,3,1,246.0,25.0,16.0,41.0,261.756,87.0,0.0,0.0,0.0,1.0,0.0,0.0,67.0,170.0,23.0,1.0,0,0,0.39612696556649085
0.0,0.0,0.0,1.0,9.0,3,1,246.0,25.0,16.0,41.0,261.756,87.0,0.0,0.0,0.0,1.0,0.0,0.0,67.0,170.0,23.0,1.0,0,0,0.39612696556649085
0.0,0.0,0.0,1.0,9.0,3,1,118.0,10.0,10.0,37.0,261.756,87.0,0.0,0.0,0.0,0.0,0.0,0.0,83.0,172.0,28.0,3.0,0,0,0.25810658737718967
0.0,0.0,0.0,1.0,9.0,3,1,155.0,12.0,14.0,34.0,261.756,87.0,0.0,0.0,2.0,1.0,0.0,0.0,95.0,196.0,25.0,2.0,0,1,0.5880312990644091
0.0,0.0,0.0,1.0,9.0,5,1,291.0,31.0,12.0,40.0,261.756,87.0,0.0,0.0,1.0,1.0,0.0,1.0,73.0,171.0,25.0,2.0,0,1,0.5155819701507166
0.0,0.0,0.0,1.0,9.0,6,1,179.0,26.0,9.0,30.0,261.756,87.0,0.0,1.0,0.0,0.0,0.0,0.0,56.0,171.0,19.0,8.0,1,0,0.1654568321393373
0.0,0.0,0.0,1.0,9.0,6,1,248.0,25.0,14.0,47.0,261.756,87.0,0.0,0.0,2.0,0.0,0.0,1.0,86.0,165.0,32.0,1.0,0,0,0.4143083511262131
0.0,0.0,0.0,1.0,9.0,2,1,179.0,51.0,18.0,38.0,261.756,87.0,0.0,0.0,0.0,1.0,0.0,0.0,89.0,170.0,31.0,4.0,1,0,0.2922628123268642
0.0,0.0,0.0,1.0,9.0,4,1,225.0,26.0,9.0,28.0,261.756,87.0,0.0,0.0,1.0,0.0,0.0,2.0,69.0,169.0,24.0,1.0,0,0,0.31503879488033953
0.0,0.0,0.0,1.0,9.0,3,4,361.0,52.0,3.0,28.0,261.756,87.0,0.0,0.0,1.0,1.0,0.0,4.0,80.0,172.0,27.0,8.0,1,0,0.489479071001126
1.0,0.0,0.0,0.0,10.0,5,4,289.0,48.0,29.0,49.0,284.853,91.0,0.0,0.0,0.0,0.0,0.0,2.0,108.0,172.0,36.0,1.0,0,0,0.3040373656316702
1.0,0.0,0.0,0.0,10.0,5,4,235.0,16.0,8.0,32.0,284.853,91.0,0.0,1.0,0.0,0.0,0.0,0.0,75.0,178.0,25.0,3.0,0,1,0.6473710313087151
0.0,0.0,0.0,1.0,10.0,4,4,291.0,31.0,12.0,40.0,284.853,91.0,0.0,0.0,1.0,1.0,0.0,1.0,73.0,171.0,25.0,2.0,0,0,0.4317081207671167
0.0,0.0,0.0,1.0,10.0,3,4,118.0,10.0,10.0,37.0,284.853,91.0,0.0,0.0,0.0,0.0,0.0,0.0,83.0,172.0,28.0,2.0,0,0,0.17650665017272238
0.0,0.0,0.0,1.0,10.0,5,4,289.0,48.0,29.0,49.0,284.853,91.0,0.0,0.0,0.0,0.0,0.0,2.0,108.0,172.0,36.0,2.0,0,0,0.06984424582220619
0.0,0.0,0.0,1.0,10.0,6,4,291.0,31.0,12.0,40.0,284.853,91.0,0.0,0.0,1.0,1.0,0.0,1.0,73.0,171.0,25.0,1.0,0,0,0.3614338244150274
0.0,0.0,0.0,1.0,10.0,3,4,225.0,26.0,9.0,28.0,284.853,91.0,0.0,0.0,1.0,0.0,0.0,2.0,69.0,169.0,24.0,2.0,0,0,0.2471445367283166
0.0,0.0,0.0,1.0,10.0,3,4,369.0,17.0,12.0,31.0,284.853,91.0,0.0,0.0,3.0,1.0,0.0,0.0,70.0,169.0,25.0,8.0,1,1,0.8854134270942354
0.0,0.0,0.0,1.0,10.0,3,4,369.0,17.0,12.0,31.0,284.853,91.0,0.0,0.0,3.0,1.0,0.0,0.0,70.0,169.0,25.0,8.0,1,1,0.8854134270942354
0.0,0.0,0.0,1.0,10.0,4,4,179.0,51.0,18.0,38.0,284.853,91.0,0.0,0.0,0.0,1.0,0.0,0.0,89.0,170.0,31.0,3.0,0,0,0.15935376611938282
1.0,0.0,0.0,0.0,10.0,4,4,228.0,14.0,16.0,58.0,284.853,91.0,0.0,0.0,2.0,0.0,0.0,1.0,65.0,172.0,22.0,1.0,0,1,0.6047524891162458
0.0,0.0,0.0,1.0,10.0,4,4,291.0,31.0,12.0,40.0,284.853,91.0,0.0,0.0,1.0,1.0,0.0,1.0,73.0,171.0,25.0,1.0,0,0,0.4317081207671167
1.0,0.0,0.0,0.0,10.0,5,4,369.0,17.0,12.0,31.0,284.853,91.0,0.0,0.0,3.0,1.0,0.0,0.0,70.0,169.0,25.0,8.0,1,1,0.9710104590850193
1.0,0.0,0.0,0.0,10.0,5,4,225.0,26.0,9.0,28.0,284.853,91.0,0.0,0.0,1.0,0.0,0.0,2.0,69.0,169.0,24.0,1.0,0,1,0.587291111300555
1.0,0.0,0.0,0.0,10.0,6,4,369.0,17.0,12.0,31.0,284.853,91.0,0.0,0.0,3.0,1.0,0.0,0.0,70.0,169.0,25.0,8.0,1,1,0.966569084273307
1.0,0.0,0.0,0.0,10.0,6,4,225.0,26.0,9.0,28.0,284.853,91.0,0.0,0.0,1.0,0.0,0.0,2.0,69.0,169.0,24.0,3.0,0,1,0.5512315003001039
0.0,0.0,0.0,1.0,10.0,2,4,189.0,29.0,13.0,33.0,284.853,91.0,0.0,0.0,2.0,0.0,0.0,2.0,69.0,167.0,25.0,8.0,1,0,0.2510536535404363
1.0,0.0,0.0,0.0,10.0,2,4,235.0,16.0,8.0,32.0,284.853,91.0,0.0,1.0,0.0,0.0,0.0,0.0,75.0,178.0,25.0,8.0,1,1,0.7405625604591037
1.0,0.0,0.0,0.0,10.0,2,4,248.0,25.0,14.0,47.0,284.853,91.0,0.0,0.0,2.0,0.0,0.0,1.0,86.0,165.0,32.0,8.0,1,1,0.8203784865432452
0.0,0.0,0.0,0.0,10.0,2,4,225.0,26.0,9.0,28.0,284.853,91.0,1.0,0.0,1.0,0.0,0.0,2.0,69.0,169.0,24.0,0.0,0,0,0.015293834433071675
1.0,0.0,0.0,0.0,10.0,3,4,225.0,26.0,9.0,28.0,284.853,91.0,0.0,0.0,1.0,0.0,0.0,2.0,69.0,169.0,24.0,3.0,0,1,0.6563429103709246
0.0,0.0,1.0,0.0,11.0,3,4,179.0,51.0,18.0,38.0,268.519,93.0,0.0,0.0,0.0,1.0,0.0,0.0,89.0,170.0,31.0,1.0,0,1,0.64467796544268
0.0,0.0,0.0,1.0,11.0,4,4,118.0,10.0,10.0,37.0,268.519,93.0,0.0,0.0,0.0,0.0,0.0,0.0,83.0,172.0,28.0,3.0,0,0,0.1558165655814079
1.0,0.0,0.0,0.0,11.0,4,4,330.0,16.0,4.0,28.0,268.519,93.0,0.0,1.0,0.0,0.0,0.0,0.0,84.0,182.0,25.0,24.0,1,1,0.8719310506516982
0.0,0.0,0.0,1.0,11.0,6,4,179.0,51.0,18.0,38.0,268.519,93.0,0.0,0.0,0.0,1.0,0.0,0.0,89.0,170.0,31.0,1.0,0,0,0.12350296758138715
1.0,0.0,0.0,0.0,11.0,3,4,118.0,10.0,10.0,37.0,268.519,93.0,0.0,0.0,0.0,0.0,0.0,0.0,83.0,172.0,28.0,8.0,1,1,0.5543788323380582
0.0,0.0,0.0,1.0,11.0,4,4,289.0,36.0,13.0,33.0,268.519,93.0,0.0,0.0,2.0,1.0,0.0,1.0,90.0,172.0,30.0,8.0,1,1,0.6234220236466061
1.0,0.0,0.0,0.0,11.0,6,4,235.0,16.0,8.0,32.0,268.519,93.0,0.0,1.0,0.0,0.0,0.0,0.0,75.0,178.0,25.0,8.0,1,1,0.6125419236788803
0.0,0.0,0.0,1.0,11.0,6,4,225.0,26.0,9.0,28.0,268.519,93.0,0.0,0.0,1.0,0.0,0.0,2.0,69.0,169.0,24.0,4.0,1,0,0.17398350257247122
0.0,0.0,0.0,1.0,11.0,3,4,361.0,52.0,3.0,28.0,268.519,93.0,0.0,0.0,1.0,1.0,0.0,4.0,80.0,172.0,27.0,8.0,1,1,0.5131258746467198
0.0,0.0,0.0,1.0,11.0,4,4,291.0,31.0,12.0,40.0,268.519,93.0,0.0,0.0,1.0,1.0,0.0,1.0,73.0,171.0,25.0,2.0,0,0,0.43112848855882524
1.0,0.0,0.0,0.0,11.0,5,4,118.0,10.0,10.0,37.0,268.519,93.0,0.0,0.0,0.0,0.0,0.0,0.0,83.0,172.0,28.0,2.0,0,0,0.4810386409947819
1.0,0.0,0.0,0.0,11.0,5,4,225.0,26.0,9.0,28.0,268.519,93.0,0.0,0.0,1.0,0.0,0.0,2.0,69.0,169.0,24.0,3.0,0,1,0.5867182522753588
0.0,0.0,0.0,1.0,11.0,2,4,179.0,51.0,18.0,38.0,268.519,93.0,0.0,0.0,0.0,1.0,0.0,0.0,89.0,170.0,31.0,1.0,0,0,0.20243470232687694
0.0,0.0,0.0,1.0,11.0,2,4,118.0,10.0,10.0,37.0,268.519,93.0,0.0,0.0,0.0,0.0,0.0,0.0,83.0,172.0,28.0,8.0,1,0,0.19854238959934306
1.0,0.0,0.0,0.0,11.0,3,4,118.0,10.0,10.0,37.0,268.519,93.0,0.0,0.0,0.0,0.0,0.0,0.0,83.0,172.0,28.0,8.0,1,1,0.5543788323380582
0.0,0.0,0.0,1.0,11.0,3,4,225.0,26.0,9.0,28.0,268.519,93.0,0.0,0.0,1.0,0.0,0.0,2.0,69.0,169.0,24.0,2.0,0,0,0.24670513260360663
0.0,0.0,0.0,0.0,11.0,3,4,291.0,31.0,12.0,40.0,268.519,93.0,1.0,0.0,1.0,1.0,0.0,1.0,73.0,171.0,25.0,0.0,0,0,0.03461492811637693
0.0,0.0,0.0,0.0,11.0,4,4,289.0,36.0,13.0,33.0,268.519,93.0,1.0,0.0,2.0,1.0,0.0,1.0,90.0,172.0,30.0,0.0,0,0,0.06332682059528183
1.0,0.0,0.0,0.0,11.0,5,4,248.0,25.0,14.0,47.0,268.519,93.0,0.0,0.0,2.0,0.0,0.0,1.0,86.0,165.0,32.0,4.0,1,1,0.7455768771918982
0.0,0.0,0.0,1.0,11.0,2,4,361.0,52.0,3.0,28.0,268.519,93.0,0.0,0.0,1.0,1.0,0.0,4.0,80.0,172.0,27.0,2.0,0,1,0.5497463786024918
0.0,0.0,0.0,1.0,12.0,4,4,291.0,31.0,12.0,40.0,280.549,98.0,0.0,0.0,1.0,1.0,0.0,1.0,73.0,171.0,25.0,1.0,0,0,0.4471645191629235
0.0,0.0,0.0,1.0,12.0,4,4,225.0,26.0,9.0,28.0,280.549,98.0,0.0,0.0,1.0,0.0,0.0,2.0,69.0,169.0,24.0,3.0,0,0,0.23178154851081784
1.0,0.0,0.0,0.0,12.0,6,4,179.0,26.0,9.0,30.0,280.549,98.0,0.0,1.0,0.0,0.0,0.0,0.0,56.0,171.0,19.0,1.0,0,0,0.430736335255492
0.0,0.0,0.0,1.0,12.0,6,4,225.0,26.0,9.0,28.0,280.549,98.0,0.0,0.0,1.0,0.0,0.0,2.0,69.0,169.0,24.0,3.0,0,0,0.18354083701676963
0.0,0.0,0.0,1.0,12.0,4,4,225.0,26.0,9.0,28.0,280.549,98.0,0.0,0.0,1.0,0.0,0.0,2.0,69.0,169.0,24.0,3.0,0,0,0.23178154851081784
1.0,0.0,0.0,0.0,12.0,5,4,361.0,52.0,3.0,28.0,280.549,98.0,0.0,0.0,1.0,1.0,0.0,4.0,80.0,172.0,27.0,4.0,1,1,0.8298137991127593
0.0,0.0,1.0,0.0,12.0,6,4,179.0,22.0,17.0,40.0,280.549,98.0,0.0,1.0,2.0,0.0,1.0,0.0,63.0,170.0,22.0,2.0,0,1,0.7350536120419626
0.0,0.0,0.0,1.0,12.0,6,4,235.0,20.0,13.0,43.0,280.549,98.0,0.0,0.0,1.0,1.0,0.0,0.0,106.0,167.0,38.0,8.0,1,1,0.549539851565309
0.0,0.0,1.0,0.0,12.0,2,4,233.0,51.0,1.0,31.0,280.549,98.0,0.0,1.0,1.0,1.0,0.0,8.0,68.0,178.0,21.0,8.0,1,1,0.5517004645805869
1.0,0.0,0.0,0.0,12.0,3,4,179.0,26.0,9.0,30.0,280.549,98.0,0.0,1.0,0.0,0.0,0.0,0.0,56.0,171.0,19.0,16.0,1,1,0.5405467156459864
0.0,0.0,0.0,1.0,12.0,3,4,225.0,26.0,9.0,28.0,280.549,98.0,0.0,0.0,1.0,0.0,0.0,2.0,69.0,169.0,24.0,2.0,0,0,0.259004645629906
0.0,0.0,0.0,1.0,12.0,5,4,225.0,26.0,9.0,28.0,280.549,98.0,0.0,0.0,1.0,0.0,0.0,2.0,69.0,169.0,24.0,3.0,0,0,0.206621915358476
0.0,0.0,0.0,1.0,12.0,2,4,225.0,26.0,9.0,28.0,280.549,98.0,0.0,0.0,1.0,0.0,0.0,2.0,69.0,169.0,24.0,2.0,0,0,0.288225516561441
0.0,0.0,1.0,0.0,12.0,3,2,155.0,12.0,14.0,34.0,280.549,98.0,0.0,0.0,2.0,1.0,0.0,0.0,95.0,196.0,25.0,80.0,1,1,0.9195152234011917
1.0,0.0,0.0,0.0,1.0,2,2,179.0,26.0,9.0,30.0,313.532,96.0,0.0,1.0,0.0,0.0,0.0,0.0,56.0,171.0,19.0,24.0,1,1,0.5704855733397539
1.0,0.0,0.0,0.0,1.0,5,2,179.0,26.0,9.0,30.0,313.532,96.0,0.0,1.0,0.0,0.0,0.0,0.0,56.0,171.0,19.0,16.0,1,0,0.46069158487906786
0.0,0.0,0.0,1.0,1.0,5,2,179.0,22.0,17.0,40.0,313.532,96.0,0.0,1.0,2.0,0.0,1.0,0.0,63.0,170.0,22.0,2.0,0,0,0.2744226037479299
0.0,0.0,0.0,1.0,1.0,6,2,179.0,22.0,17.0,40.0,313.532,96.0,0.0,1.0,2.0,0.0,1.0,0.0,63.0,170.0,22.0,2.0,0,0,0.24611722667456612
1.0,0.0,0.0,0.0,1.0,2,2,179.0,26.0,9.0,30.0,313.532,96.0,0.0,1.0,0.0,0.0,0.0,0.0,56.0,171.0,19.0,3.0,0,1,0.5704855733397539
0.0,0.0,0.0,1.0,1.0,4,2,179.0,22.0,17.0,40.0,313.532,96.0,0.0,1.0,2.0,0.0,1.0,0.0,63.0,170.0,22.0,2.0,0,0,0.3046677334339446
1.0,0.0,0.0,0.0,1.0,5,2,289.0,48.0,29.0,49.0,313.532,96.0,0.0,0.0,0.0,0.0,0.0,2.0,108.0,172.0,36.0,8.0,1,0,0.311903447598352
0.0,0.0,1.0,0.0,1.0,6,2,179.0,22.0,17.0,40.0,313.532,96.0,0.0,1.0,2.0,0.0,1.0,0.0,63.0,170.0,22.0,3.0,0,1,0.7299904748795811
0.0,0.0,0.0,1.0,1.0,2,2,179.0,26.0,9.0,30.0,313.532,96.0,0.0,1.0,0.0,0.0,0.0,0.0,56.0,171.0,19.0,2.0,0,0,0.1858648738238109
0.0,0.0,1.0,0.0,1.0,3,2,155.0,12.0,14.0,34.0,313.532,96.0,0.0,0.0,2.0,1.0,0.0,0.0,95.0,196.0,25.0,8.0,1,1,0.8831270769381171
0.0,0.0,0.0,1.0,1.0,4,2,179.0,26.0,9.0,30.0,313.532,96.0,0.0,1.0,0.0,0.0,0.0,0.0,56.0,171.0,19.0,2.0,0,0,0.14537237041024148
0.0,0.0,0.0,1.0,1.0,4,2,179.0,51.0,18.0,38.0,313.532,96.0,0.0,0.0,0.0,1.0,0.0,0.0,89.0,170.0,31.0,3.0,0,0,0.16436060209596984
1.0,0.0,0.0,0.0,1.0,4,2,289.0,36.0,13.0,33.0,313.532,96.0,0.0,0.0,2.0,1.0,0.0,1.0,90.0,172.0,30.0,8.0,1,1,0.9092333961925769
0.0,0.0,0.0,1.0,1.0,5,2,179.0,51.0,18.0,38.0,313.532,96.0,0.0,0.0,0.0,1.0,0.0,0.0,89.0,170.0,31.0,3.0,0,0,0.14513678626614326
0.0,0.0,0.0,1.0,1.0,6,2,179.0,51.0,18.0,38.0,313.532,96.0,0.0,0.0,0.0,1.0,0.0,0.0,89.0,170.0,31.0,2.0,0,0,0.1278174949224258
1.0,0.0,0.0,0.0,2.0,3,2,179.0,51.0,18.0,38.0,264.249,97.0,0.0,0.0,0.0,1.0,0.0,0.0,89.0,170.0,31.0,8.0,1,1,0.5485616293823589
0.0,0.0,0.0,1.0,2.0,3,2,225.0,26.0,9.0,28.0,264.249,97.0,0.0,0.0,1.0,0.0,0.0,2.0,69.0,169.0,24.0,3.0,0,0,0.23792955757129894
1.0,0.0,0.0,0.0,2.0,4,2,248.0,25.0,14.0,47.0,264.249,97.0,0.0,0.0,2.0,0.0,0.0,1.0,86.0,165.0,32.0,8.0,1,1,0.7639553842105592
0.0,0.0,0.0,1.0,2.0,4,2,179.0,51.0,18.0,38.0,264.249,97.0,0.0,0.0,0.0,1.0,0.0,0.0,89.0,170.0,31.0,2.0,0,0,0.15274800051176124
0.0,0.0,0.0,1.0,2.0,5,2,225.0,26.0,9.0,28.0,264.249,97.0,0.0,0.0,1.0,0.0,0.0,2.0,69.0,169.0,24.0,3.0,0,0,0.1887236085804866
0.0,0.0,0.0,1.0,2.0,5,2,179.0,51.0,18.0,38.0,264.249,97.0,0.0,0.0,0.0,1.0,0.0,0.0,89.0,170.0,31.0,2.0,0,0,0.1346635304904448
0.0,0.0,0.0,1.0,2.0,5,2,179.0,26.0,9.0,30.0,264.249,97.0,0.0,1.0,0.0,0.0,0.0,0.0,56.0,171.0,19.0,2.0,0,0,0.11861913031136886
0.0,0.0,0.0,1.0,2.0,6,2,225.0,15.0,15.0,41.0,264.249,97.0,0.0,1.0,2.0,1.0,0.0,2.0,94.0,182.0,28.0,2.0,0,0,0.39129005055904054
0.0,0.0,0.0,1.0,2.0,6,2,179.0,51.0,18.0,38.0,264.249,97.0,0.0,0.0,0.0,1.0,0.0,0.0,89.0,170.0,31.0,2.0,0,0,0.11842089383012373
0.0,0.0,1.0,0.0,2.0,2,2,233.0,51.0,1.0,31.0,264.249,97.0,0.0,1.0,1.0,1.0,0.0,8.0,68.0,178.0,21.0,2.0,0,1,0.5236392787088485
0.0,0.0,0.0,1.0,2.0,2,2,179.0,51.0,18.0,38.0,264.249,97.0,0.0,0.0,0.0,1.0,0.0,0.0,89.0,170.0,31.0,2.0,0,0,0.19482659436361924
1.0,0.0,0.0,0.0,2.0,3,2,225.0,26.0,9.0,28.0,264.249,97.0,0.0,0.0,1.0,0.0,0.0,2.0,69.0,169.0,24.0,8.0,1,1,0.6449409477431299
0.0,0.0,0.0,1.0,2.0,4,2,179.0,51.0,18.0,38.0,264.249,97.0,0.0,0.0,0.0,1.0,0.0,0.0,89.0,170.0,31.0,3.0,0,0,0.15274800051176124
0.0,0.0,0.0,1.0,2.0,5,2,179.0,51.0,18.0,38.0,264.249,97.0,0.0,0.0,0.0,1.0,0.0,0.0,89.0,170.0,31.0,3.0,0,0,0.1346635304904448
0.0,0.0,0.0,1.0,2.0,5,2,225.0,26.0,9.0,28.0,264.249,97.0,0.0,0.0,1.0,0.0,0.0,2.0,69.0,169.0,24.0,3.0,0,0,0.1887236085804866
1.0,0.0,0.0,0.0,2.0,5,2,179.0,26.0,9.0,30.0,264.249,97.0,0.0,1.0,0.0,0.0,0.0,0.0,56.0,171.0,19.0,2.0,0,0,0.4391449158507679
0.0,0.0,0.0,1.0,2.0,6,2,179.0,22.0,17.0,40.0,264.249,97.0,0.0,1.0,2.0,0.0,1.0,0.0,63.0,170.0,22.0,2.0,0,0,0.23032035039564708
0.0,0.0,0.0,1.0,2.0,6,2,179.0,51.0,18.0,38.0,264.249,97.0,0.0,0.0,0.0,1.0,0.0,0.0,89.0,170.0,31.0,3.0,0,0,0.11842089383012373
1.0,0.0,0.0,0.0,2.0,4,2,233.0,51.0,1.0,31.0,264.249,97.0,0.0,1.0,1.0,1.0,0.0,8.0,68.0,178.0,21.0,3.0,0,0,0.3652388100485007
0.0,0.0,0.0,1.0,2.0,4,2,179.0,26.0,9.0,30.0,264.249,97.0,0.0,1.0,0.0,0.0,0.0,0.0,56.0,171.0,19.0,2.0,0,0,0.13488479693933111
0.0,0.0,0.0,1.0,2.0,4,2,179.0,51.0,18.0,38.0,264.249,97.0,0.0,0.0,0.0,1.0,0.0,0.0,89.0,170.0,31.0,2.0,0,0,0.15274800051176124
1.0,0.0,0.0,0.0,2.0,5,2,179.0,51.0,18.0,38.0,264.249,97.0,0.0,0.0,0.0,1.0,0.0,0.0,89.0,170.0,31.0,8.0,1,0,0.47517040750469974
0.0,0.0,0.0,1.0,2.0,6,2,179.0,51.0,18.0,38.0,264.249,97.0,0.0,0.0,0.0,1.0,0.0,0.0,89.0,170.0,31.0,2.0,0,0,0.11842089383012373
0.0,0.0,0.0,1.0,2.0,2,2,155.0,12.0,14.0,34.0,264.249,97.0,0.0,0.0,2.0,1.0,0.0,0.0,95.0,196.0,25.0,5.0,1,0,0.49210937220909157
0.0,0.0,0.0,1.0,2.0,2,2,235.0,16.0,8.0,32.0,264.249,97.0,0.0,1.0,0.0,0.0,0.0,0.0,75.0,178.0,25.0,3.0,0,0,0.31816688783569474
0.0,0.0,0.0,1.0,2.0,2,2,179.0,51.0,18.0,38.0,264.249,97.0,0.0,0.0,0.0,1.0,0.0,0.0,89.0,170.0,31.0,2.0,0,0,0.19482659436361924
1.0,0.0,0.0,0.0,2.0,2,2,225.0,26.0,9.0,28.0,264.249,97.0,0.0,0.0,1.0,0.0,0.0,2.0,69.0,169.0,24.0,2.0,0,1,0.677871037372248
0.0,0.0,0.0,1.0,2.0,3,2,179.0,51.0,18.0,38.0,264.249,97.0,0.0,0.0,0.0,1.0,0.0,0.0,89.0,170.0,31.0,2.0,0,0,0.1727761925163398
0.0,0.0,0.0,1.0,2.0,3,2,248.0,25.0,14.0,47.0,264.249,97.0,0.0,0.0,2.0,0.0,0.0,1.0,86.0,165.0,32.0,2.0,0,0,0.39190301683688017
0.0,0.0,0.0,1.0,2.0,3,2,225.0,26.0,9.0,28.0,264.249,97.0,0.0,0.0,1.0,0.0,0.0,2.0,69.0,169.0,24.0,2.0,0,0,0.23792955757129894
0.0,0.0,0.0,1.0,2.0,4,2,179.0,51.0,18.0,38.0,264.249,97.0,0.0,0.0,0.0,1.0,0.0,0.0,89.0,170.0,31.0,2.0,0,0,0.15274800051176124
0.0,0.0,0.0,1.0,2.0,5,2,179.0,51.0,18.0,38.0,264.249,97.0,0.0,0.0,0.0,1.0,0.0,0.0,89.0,170.0,31.0,2.0,0,0,0.1346635304904448
0.0,0.0,0.0,1.0,2.0,6,2,235.0,16.0,8.0,32.0,264.249,97.0,0.0,1.0,0.0,0.0,0.0,0.0,75.0,178.0,25.0,2.0,0,0,0.20575094085910048
0.0,0.0,0.0,1.0,3.0,2,2,179.0,51.0,18.0,38.0,222.196,99.0,0.0,0.0,0.0,1.0,0.0,0.0,89.0,170.0,31.0,2.0,0,0,0.18400864713235418
0.0,0.0,0.0,1.0,3.0,2,2,248.0,25.0,14.0,47.0,222.196,99.0,0.0,0.0,2.0,0.0,0.0,1.0,86.0,165.0,32.0,2.0,0,0,0.41031513710854955
0.0,0.0,0.0,1.0,3.0,3,2,228.0,14.0,16.0,58.0,222.196,99.0,0.0,0.0,2.0,0.0,0.0,1.0,65.0,172.0,22.0,3.0,0,0,0.21263093895088317
0.0,0.0,0.0,1.0,3.0,3,2,248.0,25.0,14.0,47.0,222.196,99.0,0.0,0.0,2.0,0.0,0.0,1.0,86.0,165.0,32.0,3.0,0,0,0.3752420002947374
1.0,0.0,0.0,0.0,3.0,3,2,228.0,14.0,16.0,58.0,222.196,99.0,0.0,0.0,2.0,0.0,0.0,1.0,65.0,172.0,22.0,112.0,1,1,0.6110670856764039
0.0,0.0,0.0,1.0,3.0,4,2,179.0,51.0,18.0,38.0,222.196,99.0,0.0,0.0,0.0,1.0,0.0,0.0,89.0,170.0,31.0,2.0,0,0,0.14384908833730922
0.0,0.0,0.0,1.0,3.0,5,2,225.0,26.0,9.0,28.0,222.196,99.0,0.0,0.0,1.0,0.0,0.0,2.0,69.0,169.0,24.0,2.0,0,0,0.1781695494259014
0.0,0.0,0.0,1.0,3.0,5,2,179.0,51.0,18.0,38.0,222.196,99.0,0.0,0.0,0.0,1.0,0.0,0.0,89.0,170.0,31.0,3.0,0,0,0.12666069172383768
0.0,0.0,0.0,1.0,3.0,5,2,225.0,26.0,9.0,28.0,222.196,99.0,0.0,0.0,1.0,0.0,0.0,2.0,69.0,169.0,24.0,2.0,0,0,0.1781695494259014
0.0,0.0,0.0,1.0,3.0,6,2,179.0,26.0,9.0,30.0,222.196,99.0,0.0,1.0,0.0,0.0,0.0,0.0,56.0,171.0,19.0,3.0,0,0,0.09768851687045599
0.0,0.0,0.0,1.0,3.0,2,2,235.0,16.0,8.0,32.0,222.196,99.0,0.0,1.0,0.0,0.0,0.0,0.0,75.0,178.0,25.0,3.0,0,0,0.30307824904005704
0.0,0.0,1.0,0.0,3.0,2,2,361.0,52.0,3.0,28.0,222.196,99.0,0.0,0.0,1.0,1.0,0.0,4.0,80.0,172.0,27.0,8.0,1,1,0.8998333715584038
1.0,0.0,0.0,0.0,3.0,3,2,179.0,51.0,18.0,38.0,222.196,99.0,0.0,0.0,0.0,1.0,0.0,0.0,89.0,170.0,31.0,8.0,1,1,0.5310568481419984
0.0,0.0,0.0,1.0,3.0,4,2,179.0,51.0,18.0,38.0,222.196,99.0,0.0,0.0,0.0,1.0,0.0,0.0,89.0,170.0,31.0,2.0,0,0,0.14384908833730922
0.0,0.0,0.0,1.0,3.0,5,2,179.0,51.0,18.0,38.0,222.196,99.0,0.0,0.0,0.0,1.0,0.0,0.0,89.0,170.0,31.0,3.0,0,0,0.12666069172383768
0.0,0.0,0.0,1.0,3.0,6,2,179.0,26.0,9.0,30.0,222.196,99.0,0.0,1.0,0.0,0.0,0.0,0.0,56.0,171.0,19.0,2.0,0,0,0.09768851687045599
1.0,0.0,0.0,0.0,3.0,2,2,179.0,51.0,18.0,38.0,222.196,99.0,0.0,0.0,0.0,1.0,0.0,0.0,89.0,170.0,31.0,4.0,1,1,0.5674655275501073
1.0,0.0,0.0,0.0,3.0,2,2,248.0,25.0,14.0,47.0,222.196,99.0,0.0,0.0,2.0,0.0,0.0,1.0,86.0,165.0,32.0,2.0,0,1,0.801910206467851
0.0,0.0,0.0,1.0,3.0,2,2,179.0,51.0,18.0,38.0,222.196,99.0,0.0,0.0,0.0,1.0,0.0,0.0,89.0,170.0,31.0,3.0,0,0,0.18400864713235418
1.0,0.0,0.0,0.0,3.0,2,2,225.0,26.0,9.0,28.0,222.196,99.0,0.0,0.0,1.0,0.0,0.0,2.0,69.0,169.0,24.0,8.0,1,1,0.6622935466347784
0.0,0.0,0.0,1.0,3.0,3,2,179.0,51.0,18.0,38.0,222.196,99.0,0.0,0.0,0.0,1.0,0.0,0.0,89.0,170.0,31.0,2.0,0,0,0.16293485283719897
0.0,0.0,0.0,1.0,3.0,4,2,289.0,36.0,13.0,33.0,222.196,99.0,0.0,0.0,2.0,1.0,0.0,1.0,90.0,172.0,30.0,8.0,1,1,0.5952769821622715
0.0,0.0,0.0,1.0,3.0,4,2,228.0,14.0,16.0,58.0,222.196,99.0,0.0,0.0,2.0,0.0,0.0,1.0,65.0,172.0,22.0,2.0,0,0,0.18903855044411097
0.0,0.0,0.0,1.0,3.0,4,2,179.0,51.0,18.0,38.0,222.196,99.0,0.0,0.0,0.0,1.0,0.0,0.0,89.0,170.0,31.0,2.0,0,0,0.14384908833730922
0.0,0.0,0.0,1.0,3.0,5,2,248.0,25.0,14.0,47.0,222.196,99.0,0.0,0.0,2.0,0.0,0.0,1.0,86.0,165.0,32.0,3.0,0,0,0.3091589712194226
0.0,0.0,0.0,1.0,3.0,5,2,179.0,51.0,18.0,38.0,222.196,99.0,0.0,0.0,0.0,1.0,0.0,0.0,89.0,170.0,31.0,3.0,0,0,0.12666069172383768
0.0,0.0,0.0,1.0,3.0,6,2,179.0,26.0,9.0,30.0,222.196,99.0,0.0,1.0,0.0,0.0,0.0,0.0,56.0,171.0,19.0,2.0,0,0,0.09768851687045599
0.0,0.0,0.0,1.0,3.0,6,2,179.0,51.0,18.0,38.0,222.196,99.0,0.0,0.0,0.0,1.0,0.0,0.0,89.0,170.0,31.0,3.0,0,0,0.1112592205230607
0.0,0.0,0.0,1.0,3.0,3,3,179.0,51.0,18.0,38.0,222.196,99.0,0.0,0.0,0.0,1.0,0.0,0.0,89.0,170.0,31.0,3.0,0,0,0.13819909196445382
0.0,0.0,0.0,1.0,3.0,4,3,118.0,15.0,24.0,46.0,222.196,99.0,0.0,0.0,2.0,1.0,1.0,0.0,75.0,175.0,25.0,8.0,1,0,0.21600088769872172
1.0,0.0,0.0,0.0,3.0,4,3,155.0,12.0,14.0,34.0,222.196,99.0,0.0,0.0,2.0,1.0,0.0,0.0,95.0,196.0,25.0,24.0,1,1,0.7633008311459208
0.0,0.0,0.0,1.0,3.0,4,3,179.0,51.0,18.0,38.0,222.196,99.0,0.0,0.0,0.0,1.0,0.0,0.0,89.0,170.0,31.0,3.0,0,0,0.12158992922825232
0.0,0.0,0.0,1.0,3.0,5,3,179.0,51.0,18.0,38.0,222.196,99.0,0.0,0.0,0.0,1.0,0.0,0.0,89.0,170.0,31.0,3.0,0,0,0.10672969178600196
1.0,0.0,0.0,0.0,3.0,2,3,179.0,26.0,9.0,30.0,222.196,99.0,0.0,1.0,0.0,0.0,0.0,0.0,56.0,171.0,19.0,2.0,0,0,0.4831332854482954
0.0,0.0,1.0,0.0,3.0,2,3,289.0,36.0,13.0,33.0,222.196,99.0,0.0,0.0,2.0,1.0,0.0,1.0,90.0,172.0,30.0,104.0,1,1,0.9308815592574561
0.0,0.0,0.0,1.0,3.0,4,3,369.0,17.0,12.0,31.0,222.196,99.0,0.0,0.0,3.0,1.0,0.0,0.0,70.0,169.0,25.0,8.0,1,1,0.8296541946863
1.0,0.0,0.0,0.0,4.0,2,3,225.0,26.0,9.0,28.0,246.288,91.0,0.0,0.0,1.0,0.0,0.0,2.0,69.0,169.0,24.0,8.0,1,1,0.6479196255327898
1.0,0.0,0.0,0.0,4.0,2,3,118.0,10.0,10.0,37.0,246.288,91.0,0.0,0.0,0.0,0.0,0.0,0.0,83.0,172.0,28.0,8.0,1,1,0.5457740187191893
0.0,0.0,1.0,0.0,4.0,3,3,361.0,52.0,3.0,28.0,246.288,91.0,0.0,0.0,1.0,1.0,0.0,4.0,80.0,172.0,27.0,8.0,1,1,0.8791727312726529
0.0,0.0,1.0,0.0,4.0,4,3,248.0,25.0,14.0,47.0,246.288,91.0,0.0,0.0,2.0,0.0,0.0,1.0,86.0,165.0,32.0,8.0,1,1,0.8011432142215958
1.0,0.0,0.0,0.0,4.0,5,3,189.0,29.0,13.0,33.0,246.288,91.0,0.0,0.0,2.0,0.0,0.0,2.0,69.0,167.0,25.0,8.0,1,1,0.5105695805737955
0.0,0.0,0.0,1.0,4.0,6,3,179.0,26.0,9.0,30.0,246.288,91.0,0.0,1.0,0.0,0.0,0.0,0.0,56.0,171.0,19.0,2.0,0,0,0.09222205834390604
1.0,0.0,0.0,0.0,4.0,2,3,369.0,17.0,12.0,31.0,246.288,91.0,0.0,0.0,3.0,1.0,0.0,0.0,70.0,169.0,25.0,24.0,1,1,0.9774349864894994
0.0,1.0,0.0,0.0,4.0,3,3,179.0,22.0,17.0,40.0,246.288,91.0,0.0,1.0,2.0,0.0,1.0,0.0,63.0,170.0,22.0,2.0,0,0,0.43550035606634424
0.0,0.0,0.0,1.0,4.0,3,3,118.0,13.0,18.0,50.0,246.288,91.0,0.0,0.0,1.0,1.0,0.0,0.0,98.0,178.0,31.0,3.0,0,0,0.248419306883568
0.0,0.0,0.0,1.0,4.0,3,3,361.0,52.0,3.0,28.0,246.288,91.0,0.0,0.0,1.0,1.0,0.0,4.0,80.0,172.0,27.0,2.0,0,0,0.46769910115308516
1.0,0.0,0.0,0.0,4.0,4,3,118.0,10.0,10.0,37.0,246.288,91.0,0.0,0.0,0.0,0.0,0.0,0.0,83.0,172.0,28.0,2.0,0,0,0.4723655081483256
0.0,0.0,0.0,1.0,4.0,6,3,235.0,11.0,14.0,37.0,246.288,91.0,0.0,1.0,1.0,0.0,0.0,1.0,88.0,172.0,29.0,8.0,1,0,0.24752720131915246
0.0,0.0,0.0,1.0,4.0,6,3,179.0,26.0,9.0,30.0,246.288,91.0,0.0,1.0,0.0,0.0,0.0,0.0,56.0,171.0,19.0,2.0,0,0,0.09222205834390604
0.0,0.0,1.0,0.0,4.0,2,3,225.0,26.0,9.0,28.0,246.288,91.0,0.0,0.0,1.0,0.0,0.0,2.0,69.0,169.0,24.0,8.0,1,1,0.7237163274157372
0.0,1.0,0.0,0.0,4.0,3,3,235.0,16.0,8.0,32.0,246.288,91.0,0.0,1.0,0.0,0.0,0.0,0.0,75.0,178.0,25.0,3.0,0,0,0.4004305204950919
0.0,0.0,0.0,1.0,4.0,6,3,179.0,26.0,9.0,30.0,246.288,91.0,0.0,1.0,0.0,0.0,0.0,0.0,56.0,171.0,19.0,2.0,0,0,0.09222205834390604
0.0,0.0,0.0,1.0,4.0,3,3,155.0,12.0,14.0,34.0,246.288,91.0,0.0,0.0,2.0,1.0,0.0,0.0,95.0,196.0,25.0,4.0,1,0,0.4224330232652078
0.0,0.0,1.0,0.0,4.0,5,3,225.0,26.0,9.0,28.0,246.288,91.0,0.0,0.0,1.0,0.0,0.0,2.0,69.0,169.0,24.0,8.0,1,1,0.6275171522427976
1.0,0.0,0.0,0.0,4.0,5,3,118.0,13.0,18.0,50.0,246.288,91.0,0.0,0.0,1.0,1.0,0.0,0.0,98.0,178.0,31.0,2.0,0,1,0.5889478560503112
0.0,0.0,0.0,1.0,4.0,6,3,179.0,26.0,9.0,30.0,246.288,91.0,0.0,1.0,0.0,0.0,0.0,0.0,56.0,171.0,19.0,2.0,0,0,0.09222205834390604
0.0,0.0,0.0,1.0,5.0,2,3,235.0,11.0,14.0,37.0,237.656,99.0,0.0,1.0,1.0,0.0,0.0,1.0,88.0,172.0,29.0,8.0,1,0,0.37272049772268756
0.0,0.0,1.0,0.0,5.0,4,3,225.0,15.0,15.0,41.0,237.656,99.0,0.0,1.0,2.0,1.0,0.0,2.0,94.0,182.0,28.0,3.0,0,1,0.8623601536396212
0.0,0.0,0.0,1.0,5.0,4,3,235.0,16.0,8.0,32.0,237.656,99.0,0.0,1.0,0.0,0.0,0.0,0.0,75.0,178.0,25.0,2.0,0,0,0.23365110467574296
1.0,0.0,0.0,0.0,5.0,4,3,118.0,10.0,10.0,37.0,237.656,99.0,0.0,0.0,0.0,0.0,0.0,0.0,83.0,172.0,28.0,3.0,0,0,0.47305324075314736
0.0,0.0,0.0,1.0,5.0,4,3,235.0,20.0,13.0,43.0,237.656,99.0,0.0,0.0,1.0,1.0,0.0,0.0,106.0,167.0,38.0,8.0,1,1,0.5618855066284077
1.0,0.0,0.0,0.0,5.0,5,3,179.0,26.0,9.0,30.0,237.656,99.0,0.0,1.0,0.0,0.0,0.0,0.0,56.0,171.0,19.0,1.0,0,0,0.4070988010307186
0.0,0.0,0.0,1.0,5.0,5,3,291.0,31.0,12.0,40.0,237.656,99.0,0.0,0.0,1.0,1.0,0.0,1.0,73.0,171.0,25.0,2.0,0,0,0.3535389967699112
1.0,0.0,0.0,0.0,5.0,5,3,225.0,15.0,15.0,41.0,237.656,99.0,0.0,1.0,2.0,1.0,0.0,2.0,94.0,182.0,28.0,8.0,1,1,0.7916397512962007
0.0,0.0,1.0,0.0,5.0,6,3,300.0,26.0,13.0,43.0,237.656,99.0,0.0,0.0,2.0,1.0,1.0,1.0,77.0,175.0,25.0,64.0,1,1,0.9074525000623271
0.0,0.0,0.0,1.0,5.0,6,3,225.0,15.0,15.0,41.0,237.656,99.0,0.0,1.0,2.0,1.0,0.0,2.0,94.0,182.0,28.0,8.0,1,0,0.3604914966571699
0.0,0.0,0.0,1.0,5.0,6,3,179.0,26.0,9.0,30.0,237.656,99.0,0.0,1.0,0.0,0.0,0.0,0.0,56.0,171.0,19.0,2.0,0,0,0.09245330661169704
0.0,0.0,0.0,1.0,5.0,2,3,118.0,13.0,18.0,50.0,237.656,99.0,0.0,0.0,1.0,1.0,0.0,0.0,98.0,178.0,31.0,2.0,0,0,0.2774449839386636
1.0,0.0,0.0,0.0,5.0,3,3,118.0,13.0,18.0,50.0,237.656,99.0,0.0,0.0,1.0,1.0,0.0,0.0,98.0,178.0,31.0,3.0,0,1,0.658504673391595
0.0,0.0,0.0,1.0,5.0,3,3,118.0,10.0,10.0,37.0,237.656,99.0,0.0,0.0,0.0,0.0,0.0,0.0,83.0,172.0,28.0,1.0,0,0,0.15165230884810618
0.0,0.0,0.0,0.0,5.0,3,3,118.0,13.0,18.0,50.0,237.656,99.0,1.0,0.0,1.0,1.0,0.0,0.0,98.0,178.0,31.0,0.0,0,0,0.013354921647491807
0.0,0.0,0.0,1.0,5.0,4,3,179.0,26.0,9.0,30.0,237.656,99.0,0.0,1.0,0.0,0.0,0.0,0.0,56.0,171.0,19.0,2.0,0,0,0.12028009774403163
0.0,0.0,0.0,0.0,5.0,4,3,378.0,49.0,11.0,36.0,237.656,99.0,1.0,0.0,2.0,0.0,1.0,4.0,65.0,174.0,21.0,0.0,0,0,0.017109947205777333
0.0,1.0,0.0,0.0,5.0,6,3,179.0,22.0,17.0,40.0,237.656,99.0,0.0,1.0,2.0,0.0,1.0,0.0,63.0,170.0,22.0,1.0,0,0,0.3322388660590202
1.0,0.0,0.0,0.0,5.0,2,3,155.0,12.0,14.0,34.0,237.656,99.0,0.0,0.0,2.0,1.0,0.0,0.0,95.0,196.0,25.0,48.0,1,1,0.8317435810959785
1.0,0.0,0.0,0.0,5.0,2,3,235.0,16.0,8.0,32.0,237.656,99.0,0.0,1.0,0.0,0.0,0.0,0.0,75.0,178.0,25.0,8.0,1,1,0.7042025994703579
0.0,0.0,0.0,1.0,5.0,4,3,291.0,31.0,12.0,40.0,237.656,99.0,0.0,0.0,1.0,1.0,0.0,1.0,73.0,171.0,25.0,8.0,1,0,0.38784288989475596
1.0,0.0,0.0,0.0,5.0,4,3,179.0,22.0,17.0,40.0,237.656,99.0,0.0,1.0,2.0,0.0,1.0,0.0,63.0,170.0,22.0,8.0,1,1,0.6720249413332346
1.0,0.0,0.0,0.0,5.0,4,3,225.0,26.0,9.0,28.0,237.656,99.0,0.0,0.0,1.0,0.0,0.0,2.0,69.0,169.0,24.0,3.0,0,1,0.5789355911766495
1.0,0.0,0.0,0.0,5.0,5,3,330.0,16.0,4.0,28.0,237.656,99.0,0.0,1.0,0.0,0.0,0.0,0.0,84.0,182.0,25.0,8.0,1,1,0.8308791648419092
0.0,0.0,0.0,1.0,5.0,5,3,235.0,16.0,8.0,32.0,237.656,99.0,0.0,1.0,0.0,0.0,0.0,0.0,75.0,178.0,25.0,2.0,0,0,0.20834357083005484
0.0,0.0,0.0,1.0,5.0,5,3,291.0,31.0,12.0,40.0,237.656,99.0,0.0,0.0,1.0,1.0,0.0,1.0,73.0,171.0,25.0,2.0,0,0,0.3535389967699112
0.0,0.0,0.0,1.0,5.0,6,3,179.0,26.0,9.0,30.0,237.656,99.0,0.0,1.0,0.0,0.0,0.0,0.0,56.0,171.0,19.0,2.0,0,0,0.09245330661169704
1.0,0.0,0.0,0.0,5.0,2,3,361.0,52.0,3.0,28.0,237.656,99.0,0.0,0.0,1.0,1.0,0.0,4.0,80.0,172.0,27.0,8.0,1,1,0.855875177291026
0.0,0.0,0.0,1.0,5.0,4,3,155.0,12.0,14.0,34.0,237.656,99.0,0.0,0.0,2.0,1.0,0.0,0.0,95.0,196.0,25.0,2.0,0,0,0.3876586265282953
0.0,0.0,0.0,1.0,5.0,6,3,179.0,22.0,17.0,40.0,237.656,99.0,0.0,1.0,2.0,0.0,1.0,0.0,63.0,170.0,22.0,8.0,1,0,0.20786516624927465
1.0,0.0,0.0,0.0,5.0,6,3,155.0,12.0,14.0,34.0,237.656,99.0,0.0,0.0,2.0,1.0,0.0,0.0,95.0,196.0,25.0,8.0,1,1,0.7329248860087345
1.0,0.0,0.0,0.0,5.0,2,3,225.0,26.0,9.0,28.0,237.656,99.0,0.0,0.0,1.0,0.0,0.0,2.0,69.0,169.0,24.0,1.0,0,1,0.6485487852115549
1.0,0.0,0.0,0.0,6.0,4,3,118.0,15.0,24.0,46.0,275.089,96.0,0.0,0.0,2.0,1.0,1.0,0.0,75.0,175.0,25.0,8.0,1,1,0.680806309708494
0.0,0.0,0.0,1.0,6.0,4,3,179.0,26.0,9.0,30.0,275.089,96.0,0.0,1.0,0.0,0.0,0.0,0.0,56.0,171.0,19.0,3.0,0,0,0.13740337702978347
0.0,0.0,0.0,1.0,6.0,6,3,118.0,10.0,10.0,37.0,275.089,96.0,0.0,0.0,0.0,0.0,0.0,0.0,83.0,172.0,28.0,8.0,1,0,0.11812183958853065
1.0,0.0,0.0,0.0,6.0,4,3,118.0,10.0,10.0,37.0,275.089,96.0,0.0,0.0,0.0,0.0,0.0,0.0,83.0,172.0,28.0,8.0,1,1,0.5112137707821957
0.0,0.0,0.0,1.0,6.0,5,3,378.0,49.0,11.0,36.0,275.089,96.0,0.0,0.0,2.0,0.0,1.0,4.0,65.0,174.0,21.0,8.0,1,0,0.3000437596216658
0.0,0.0,1.0,0.0,6.0,5,3,118.0,13.0,18.0,50.0,275.089,96.0,0.0,0.0,1.0,1.0,0.0,0.0,98.0,178.0,31.0,24.0,1,1,0.7043699976400394
0.0,0.0,1.0,0.0,6.0,6,3,233.0,51.0,1.0,31.0,275.089,96.0,0.0,1.0,1.0,1.0,0.0,8.0,68.0,178.0,21.0,8.0,1,0,0.3840297300463826
0.0,0.0,0.0,1.0,6.0,6,3,179.0,26.0,9.0,30.0,275.089,96.0,0.0,1.0,0.0,0.0,0.0,0.0,56.0,171.0,19.0,2.0,0,0,0.1060928636749144
0.0,0.0,0.0,0.0,6.0,2,3,235.0,29.0,12.0,48.0,275.089,96.0,1.0,0.0,1.0,0.0,1.0,5.0,88.0,163.0,33.0,0.0,0,0,0.0101305308063795
0.0,0.0,0.0,0.0,6.0,2,3,268.0,11.0,8.0,33.0,275.089,96.0,1.0,1.0,0.0,0.0,0.0,0.0,79.0,178.0,25.0,0.0,0,0,0.02979596766131879
0.0,0.0,1.0,0.0,6.0,5,3,118.0,13.0,18.0,50.0,275.089,96.0,0.0,0.0,1.0,1.0,0.0,0.0,98.0,178.0,31.0,3.0,0,1,0.7043699976400394
1.0,0.0,0.0,0.0,6.0,5,3,179.0,26.0,9.0,30.0,275.089,96.0,0.0,1.0,0.0,0.0,0.0,0.0,56.0,171.0,19.0,2.0,0,0,0.44442614087085364
0.0,0.0,0.0,1.0,6.0,5,3,291.0,31.0,12.0,40.0,275.089,96.0,0.0,0.0,1.0,1.0,0.0,1.0,73.0,171.0,25.0,2.0,0,0,0.3891789197019769
1.0,0.0,0.0,0.0,6.0,2,1,179.0,26.0,9.0,30.0,275.089,96.0,0.0,1.0,0.0,0.0,0.0,0.0,56.0,171.0,19.0,3.0,0,1,0.646965830894523
0.0,0.0,0.0,1.0,6.0,2,1,118.0,10.0,10.0,37.0,275.089,96.0,0.0,0.0,0.0,0.0,0.0,0.0,83.0,172.0,28.0,3.0,0,0,0.26225894932908866
0.0,0.0,0.0,1.0,6.0,5,1,233.0,51.0,1.0,31.0,275.089,96.0,0.0,1.0,1.0,1.0,0.0,8.0,68.0,178.0,21.0,8.0,1,0,0.11387098147625646
1.0,0.0,0.0,0.0,6.0,6,1,118.0,10.0,10.0,37.0,275.089,96.0,0.0,0.0,0.0,0.0,0.0,0.0,83.0,172.0,28.0,2.0,0,1,0.5344843335165875
1.0,0.0,0.0,0.0,6.0,4,1,118.0,10.0,10.0,37.0,275.089,96.0,0.0,0.0,0.0,0.0,0.0,0.0,83.0,172.0,28.0,3.0,0,1,0.6064508135609761
0.0,0.0,0.0,1.0,6.0,4,1,233.0,51.0,1.0,31.0,275.089,96.0,0.0,1.0,1.0,1.0,0.0,8.0,68.0,178.0,21.0,3.0,0,0,0.12958128129779628
0.0,0.0,0.0,1.0,7.0,4,1,235.0,20.0,13.0,43.0,264.604,93.0,0.0,0.0,1.0,1.0,0.0,0.0,106.0,167.0,38.0,4.0,1,1,0.6931702198853738
0.0,0.0,1.0,0.0,7.0,6,1,233.0,51.0,1.0,31.0,264.604,93.0,0.0,1.0,1.0,1.0,0.0,8.0,68.0,178.0,21.0,2.0,0,0,0.4852372241167007
1.0,0.0,0.0,0.0,7.0,2,1,228.0,14.0,16.0,58.0,264.604,93.0,0.0,0.0,2.0,0.0,0.0,1.0,65.0,172.0,22.0,8.0,1,1,0.7510517360330071
0.0,0.0,0.0,1.0,7.0,2,1,118.0,10.0,10.0,37.0,264.604,93.0,0.0,0.0,0.0,0.0,0.0,0.0,83.0,172.0,28.0,4.0,1,0,0.2672921072121657
1.0,0.0,0.0,0.0,7.0,3,1,228.0,14.0,16.0,58.0,264.604,93.0,0.0,0.0,2.0,0.0,0.0,1.0,65.0,172.0,22.0,120.0,1,1,0.7225405985758527
0.0,0.0,0.0,1.0,7.0,3,1,189.0,29.0,13.0,33.0,264.604,93.0,0.0,0.0,2.0,0.0,0.0,2.0,69.0,167.0,25.0,16.0,1,0,0.29828672946263723
0.0,0.0,0.0,1.0,7.0,4,1,118.0,10.0,10.0,37.0,264.604,93.0,0.0,0.0,0.0,0.0,0.0,0.0,83.0,172.0,28.0,2.0,0,0,0.21371668902435018
0.0,0.0,0.0,1.0,7.0,4,1,361.0,52.0,3.0,28.0,264.604,93.0,0.0,0.0,1.0,1.0,0.0,4.0,80.0,172.0,27.0,8.0,1,1,0.5725859284693642
0.0,0.0,0.0,1.0,7.0,4,1,225.0,26.0,9.0,28.0,264.604,93.0,0.0,0.0,1.0,0.0,0.0,2.0,69.0,169.0,24.0,8.0,1,0,0.29393079135021677
1.0,0.0,0.0,0.0,7.0,2,1,369.0,17.0,12.0,31.0,264.604,93.0,0.0,0.0,3.0,1.0,0.0,0.0,70.0,169.0,25.0,80.0,1,1,0.9870988653308616
1.0,0.0,0.0,0.0,7.0,3,1,289.0,36.0,13.0,33.0,264.604,93.0,0.0,0.0,2.0,1.0,0.0,1.0,90.0,172.0,30.0,8.0,1,1,0.9426321689080221
1.0,0.0,0.0,0.0,7.0,3,1,235.0,11.0,14.0,37.0,264.604,93.0,0.0,1.0,1.0,0.0,0.0,1.0,88.0,172.0,29.0,4.0,1,1,0.8401587534087567
0.0,0.0,0.0,0.0,0.0,3,1,118.0,14.0,13.0,40.0,271.219,95.0,0.0,0.0,1.0,1.0,0.0,8.0,98.0,170.0,34.0,0.0,0,0,0.1835709637289217
0.0,0.0,0.0,0.0,0.0,4,2,231.0,35.0,14.0,39.0,271.219,95.0,0.0,0.0,2.0,1.0,0.0,2.0,100.0,170.0,35.0,0.0,0,1,0.6517016821519833
0.0,0.0,0.0,0.0,0.0,6,3,179.0,45.0,14.0,53.0,271.219,95.0,0.0,0.0,1.0,0.0,0.0,1.0,77.0,175.0,25.0,0.0,0,0,0.10627918378729599
